,5ccffd21b09ec90001f3f92e
PlayerDetails,5ccffd21b09ec90001f3f92e
GameCompleted,finished
Selected ponds in the game,=======
Pond10_Type,N
Pond10_#Fishes,17
Pond2_Type,N
Pond2_#Fishes,14
Pond7_Type,N
Pond7_#Fishes,17
Pond11_Type,N
Pond11_#Fishes,12
Pond6_Type,N
Pond6_#Fishes,12
Pond4_Type,N
Pond4_#Fishes,13
Pond9_Type,N
Pond9_#Fishes,18
Pond8_Type,N
Pond8_#Fishes,16
Pond12_Type,N
Pond12_#Fishes,19
Pond1_Type,N
Pond1_#Fishes,16
Pond3_Type,N
Pond3_#Fishes,15
Pond5_Type,N
Pond5_#Fishes,15
Pond10_Type,N
Pond10_#Fishes,19
GameTime,1200
FishVisibilityTime,2
SecondPerFishRatio,60
MissingThreshold,5
RD,GoldFish,Probability,0
RD,GoldFish,Outcome,20
RD,BlueFish,Probability,0.9
RD,BlueFish,Outcome,12
RD,GreenFish,Probability,0
RD,GreenFish,Outcome,11
RD,PurpleFish,Probability,0
RD,PurpleFish,Outcome,10
RD,GreyFish,Probability,0.1
RD,GreyFish,Outcome,2
RT,GoldFish,Probability,0.1
RT,GoldFish,Outcome,20
RT,BlueFish,Probability,0
RT,BlueFish,Outcome,12
RT,GreenFish,Probability,0
RT,GreenFish,Outcome,11
RT,PurpleFish,Probability,0.9
RT,PurpleFish,Outcome,10
RT,GreyFish,Probability,0
RT,GreyFish,Outcome,2
N,GoldFish,Probability,0
N,GoldFish,Outcome,20
N,BlueFish,Probability,0
N,BlueFish,Outcome,12
N,GreenFish,Probability,1
N,GreenFish,Outcome,11
N,PurpleFish,Probability,0
N,PurpleFish,Outcome,10
N,GreyFish,Probability,0
N,GreyFish,Outcome,2
Date:,Thu Jan 16 2020 17:26:08 GMT+0000 (Hora padr√£o da Europa Ocidental)
Type,N
FishN,17
Fish,1
Pond10Fish1_FishType,green
Pond10Fish1_FishLatency,3.5294117647058822
Pond10Fish1_CatchTime,0.928
Pond10Fish1_PondTime,8.078
Pond10Fish1_PondOutcome,11
Pond10Fish1_TotalOutcome,11
Pond10Fish1_TimeLeft,1194.32
Type,N
FishN,17
Fish,2
Pond10Fish2_FishType,green
Pond10Fish2_FishLatency,3.75
Pond10Fish2_CatchTime,1.26
Pond10Fish2_PondTime,14.456
Pond10Fish2_PondOutcome,22
Pond10Fish2_TotalOutcome,22
Pond10Fish2_TimeLeft,1187.943
Type,N
FishN,17
Fish,3
Pond10Fish3_FishType,green
Pond10Fish3_FishLatency,4
Pond10Fish3_CatchTime,1.019
Pond10Fish3_PondTime,21.108
Pond10Fish3_PondOutcome,33
Pond10Fish3_TotalOutcome,33
Pond10Fish3_TimeLeft,1181.29
Type,N
FishN,17
Fish,4
Pond10Fish4_FishType,green
Pond10Fish4_FishLatency,4.285714285714286
Pond10Fish4_CatchTime,1.205
Pond10Fish4_PondTime,28.096
Pond10Fish4_PondOutcome,44
Pond10Fish4_TotalOutcome,44
Pond10Fish4_TimeLeft,1174.302
Type,N
FishN,17
Fish,5
Pond10Fish5_FishType,green
Pond10Fish5_FishLatency,4.615384615384615
Pond10Fish5_CatchTime,1.326
Pond10Fish5_PondTime,35.462
Pond10Fish5_PondOutcome,55
Pond10Fish5_TotalOutcome,55
Pond10Fish5_TimeLeft,1166.936
PondEnd_LastFish,5
FishN,17
Type,N
GiveUpTime,3.039
PondTime,38.031
TimeLeft,1163.862
PondOutcome,55
TotalOutcome,55
PondStart,PondStart
PondIntroTime,18.902322326321155
Type,N
FishN,13
Fish,1
Pond2Fish1_FishType,green
Pond2Fish1_FishLatency,4.285714285714286
Pond2Fish1_CatchTime,1.285
Pond2Fish1_PondTime,8.959
Pond2Fish1_PondOutcome,11
Pond2Fish1_TotalOutcome,66
Pond2Fish1_TimeLeft,1135.371
Type,N
FishN,13
Fish,2
Pond2Fish2_FishType,green
Pond2Fish2_FishLatency,4.615384615384615
Pond2Fish2_CatchTime,1.626
Pond2Fish2_PondTime,16.395
Pond2Fish2_PondOutcome,22
Pond2Fish2_TotalOutcome,77
Pond2Fish2_TimeLeft,1127.935
Type,N
FishN,13
Fish,3
Pond2Fish3_FishType,green
Pond2Fish3_FishLatency,5
Pond2Fish3_CatchTime,1.009
Pond2Fish3_PondTime,24.267
Pond2Fish3_PondOutcome,33
Pond2Fish3_TotalOutcome,88
Pond2Fish3_TimeLeft,1120.063
Type,N
FishN,13
Fish,4
Pond2Fish4_FishType,green
Pond2Fish4_FishLatency,5.454545454545454
Pond2Fish4_CatchTime,1.067
Pond2Fish4_PondTime,32.734
Pond2Fish4_PondOutcome,44
Pond2Fish4_TotalOutcome,99
Pond2Fish4_TimeLeft,1111.596
Type,N
FishN,13
Fish,5
Pond2Fish5_FishType,green
Pond2Fish5_FishLatency,6
Pond2Fish5_CatchTime,1.163
Pond2Fish5_PondTime,41.835
Pond2Fish5_PondOutcome,55
Pond2Fish5_TotalOutcome,110
Pond2Fish5_TimeLeft,1102.494
Type,N
FishN,13
Fish,6
Pond2Fish6_FishType,green
Pond2Fish6_FishLatency,6.666666666666667
Pond2Fish6_CatchTime,1.225
Pond2Fish6_PondTime,51.757
Pond2Fish6_PondOutcome,66
Pond2Fish6_TotalOutcome,121
Pond2Fish6_TimeLeft,1092.573
Type,N
FishN,13
Fish,7
Pond2Fish7_FishType,green
Pond2Fish7_FishLatency,7.5
Pond2Fish7_CatchTime,1.391
Pond2Fish7_PondTime,62.736
Pond2Fish7_PondOutcome,77
Pond2Fish7_TotalOutcome,132
Pond2Fish7_TimeLeft,1081.594
PondEnd_LastFish,7
FishN,14
Type,N
GiveUpTime,8.453
PondTime,70.785
TimeLeft,1073.04
PondOutcome,77
TotalOutcome,132
PondStart,PondStart
PondIntroTime,16.948191421106458
Type,N
FishN,15
Fish,1
Pond7Fish1_FishType,green
Pond7Fish1_FishLatency,3.5294117647058822
Pond7Fish1_CatchTime,1.21
Pond7Fish1_PondTime,8.094
Pond7Fish1_PondOutcome,11
Pond7Fish1_TotalOutcome,143
Pond7Fish1_TimeLeft,1047.376
Type,N
FishN,15
Fish,2
Pond7Fish2_FishType,green
Pond7Fish2_FishLatency,3.75
Pond7Fish2_CatchTime,1.259
Pond7Fish2_PondTime,14.531
Pond7Fish2_PondOutcome,22
Pond7Fish2_TotalOutcome,154
Pond7Fish2_TimeLeft,1040.939
Type,N
FishN,15
Fish,3
Pond7Fish3_FishType,green
Pond7Fish3_FishLatency,4
Pond7Fish3_CatchTime,1.724
Pond7Fish3_PondTime,21.285
Pond7Fish3_PondOutcome,33
Pond7Fish3_TotalOutcome,165
Pond7Fish3_TimeLeft,1034.186
Type,N
FishN,15
Fish,4
Pond7Fish4_FishType,green
Pond7Fish4_FishLatency,4.285714285714286
Pond7Fish4_CatchTime,1.05
Pond7Fish4_PondTime,28.287
Pond7Fish4_PondOutcome,44
Pond7Fish4_TotalOutcome,176
Pond7Fish4_TimeLeft,1027.184
Type,N
FishN,15
Fish,5
Pond7Fish5_FishType,green
Pond7Fish5_FishLatency,4.615384615384615
Pond7Fish5_CatchTime,1.133
Pond7Fish5_PondTime,35.704
Pond7Fish5_PondOutcome,55
Pond7Fish5_TotalOutcome,187
Pond7Fish5_TimeLeft,1019.767
Type,N
FishN,15
Fish,6
Pond7Fish6_FishType,green
Pond7Fish6_FishLatency,5
Pond7Fish6_CatchTime,1.087
Pond7Fish6_PondTime,43.543
Pond7Fish6_PondOutcome,66
Pond7Fish6_TotalOutcome,198
Pond7Fish6_TimeLeft,1011.928
Type,N
FishN,15
Fish,7
Pond7Fish7_FishType,green
Pond7Fish7_FishLatency,5.454545454545454
Pond7Fish7_CatchTime,1.092
Pond7Fish7_PondTime,51.942
Pond7Fish7_PondOutcome,77
Pond7Fish7_TotalOutcome,209
Pond7Fish7_TimeLeft,1003.529
Type,N
FishN,15
Fish,8
Pond7Fish8_FishType,green
Pond7Fish8_FishLatency,6
Pond7Fish8_CatchTime,1.32
Pond7Fish8_PondTime,60.997
Pond7Fish8_PondOutcome,88
Pond7Fish8_TotalOutcome,220
Pond7Fish8_TimeLeft,994.474
Type,N
FishN,15
Fish,9
Pond7Fish9_FishType,green
Pond7Fish9_FishLatency,6.666666666666667
Pond7Fish9_CatchTime,1.244
Pond7Fish9_PondTime,70.911
Pond7Fish9_PondOutcome,99
Pond7Fish9_TotalOutcome,231
Pond7Fish9_TimeLeft,984.56
Type,N
FishN,15
Fish,10
Pond7Fish10_FishType,green
Pond7Fish10_FishLatency,7.5
Pond7Fish10_CatchTime,1.312
Pond7Fish10_PondTime,81.91
Pond7Fish10_PondOutcome,110
Pond7Fish10_TotalOutcome,242
Pond7Fish10_TimeLeft,973.561
Type,N
FishN,15
Fish,11
Pond7Fish11_FishType,green
Pond7Fish11_FishLatency,8.571428571428571
Pond7Fish11_CatchTime,1.312
Pond7Fish11_PondTime,94.308
Pond7Fish11_PondOutcome,121
Pond7Fish11_TotalOutcome,253
Pond7Fish11_TimeLeft,961.163
PondEnd_LastFish,11
FishN,17
Type,N
GiveUpTime,1.227
PondTime,95.054
TimeLeft,959.905
PondOutcome,121
TotalOutcome,253
PondStart,PondStart
PondIntroTime,18.236608773004264
Type,N
FishN,16
Fish,1
Pond11Fish1_FishType,green
Pond11Fish1_FishLatency,5
Pond11Fish1_CatchTime,1.056
Pond11Fish1_PondTime,9.777
Pond11Fish1_PondOutcome,11
Pond11Fish1_TotalOutcome,264
Pond11Fish1_TimeLeft,931.273
Type,N
FishN,16
Fish,2
Pond11Fish2_FishType,green
Pond11Fish2_FishLatency,5.454545454545454
Pond11Fish2_CatchTime,0.958
Pond11Fish2_PondTime,18.195
Pond11Fish2_PondOutcome,22
Pond11Fish2_TotalOutcome,275
Pond11Fish2_TimeLeft,922.854
Type,N
FishN,16
Fish,3
Pond11Fish3_FishType,green
Pond11Fish3_FishLatency,6
Pond11Fish3_CatchTime,1.263
Pond11Fish3_PondTime,27.281
Pond11Fish3_PondOutcome,33
Pond11Fish3_TotalOutcome,286
Pond11Fish3_TimeLeft,913.768
Type,N
FishN,16
Fish,4
Pond11Fish4_FishType,green
Pond11Fish4_FishLatency,6.666666666666667
Pond11Fish4_CatchTime,1.163
Pond11Fish4_PondTime,37.219
Pond11Fish4_PondOutcome,44
Pond11Fish4_TotalOutcome,297
Pond11Fish4_TimeLeft,903.831
Type,N
FishN,16
Fish,5
Pond11Fish5_FishType,green
Pond11Fish5_FishLatency,7.5
Pond11Fish5_CatchTime,1.155
Pond11Fish5_PondTime,48.221
Pond11Fish5_PondOutcome,55
Pond11Fish5_TotalOutcome,308
Pond11Fish5_TimeLeft,892.828
Type,N
FishN,16
Fish,6
Pond11Fish6_FishType,green
Pond11Fish6_FishLatency,8.571428571428571
Pond11Fish6_CatchTime,1.302
Pond11Fish6_PondTime,60.601
Pond11Fish6_PondOutcome,66
Pond11Fish6_TotalOutcome,319
Pond11Fish6_TimeLeft,880.449
Type,N
FishN,16
Fish,7
Pond11Fish7_FishType,green
Pond11Fish7_FishLatency,10
Pond11Fish7_CatchTime,1.666
Pond11Fish7_PondTime,74.981
Pond11Fish7_PondOutcome,77
Pond11Fish7_TotalOutcome,330
Pond11Fish7_TimeLeft,866.069
Type,N
FishN,16
Fish,8
Pond11Fish8_FishType,green
Pond11Fish8_FishLatency,12
Pond11Fish8_CatchTime,-1
Pond11Fish8_PondTime,92.406
Pond11Fish8_PondOutcome,77
Pond11Fish8_TotalOutcome,330
Pond11Fish8_TimeLeft,848.644
Type,N
FishN,16
Fish,9
Pond11Fish9_FishType,green
Pond11Fish9_FishLatency,15
Pond11Fish9_CatchTime,1.431
Pond11Fish9_PondTime,114.858
Pond11Fish9_PondOutcome,88
Pond11Fish9_TotalOutcome,341
Pond11Fish9_TimeLeft,826.192
PondEnd_LastFish,9
FishN,12
Type,N
GiveUpTime,1.679
PondTime,116.159
TimeLeft,824.386
PondOutcome,88
TotalOutcome,341
PondStart,PondStart
PondIntroTime,12.90480975760147
Type,N
FishN,18
Fish,1
Pond6Fish1_FishType,green
Pond6Fish1_FishLatency,5
Pond6Fish1_CatchTime,1.761
Pond6Fish1_PondTime,9.814
Pond6Fish1_PondOutcome,11
Pond6Fish1_TotalOutcome,352
Pond6Fish1_TimeLeft,801.049
Type,N
FishN,18
Fish,2
Pond6Fish2_FishType,green
Pond6Fish2_FishLatency,5.454545454545454
Pond6Fish2_CatchTime,1.191
Pond6Fish2_PondTime,18.182
Pond6Fish2_PondOutcome,22
Pond6Fish2_TotalOutcome,363
Pond6Fish2_TimeLeft,792.682
Type,N
FishN,18
Fish,3
Pond6Fish3_FishType,green
Pond6Fish3_FishLatency,6
Pond6Fish3_CatchTime,0.968
Pond6Fish3_PondTime,27.3
Pond6Fish3_PondOutcome,33
Pond6Fish3_TotalOutcome,374
Pond6Fish3_TimeLeft,783.564
Type,N
FishN,18
Fish,4
Pond6Fish4_FishType,green
Pond6Fish4_FishLatency,6.666666666666667
Pond6Fish4_CatchTime,1.245
Pond6Fish4_PondTime,37.181
Pond6Fish4_PondOutcome,44
Pond6Fish4_TotalOutcome,385
Pond6Fish4_TimeLeft,773.683
Type,N
FishN,18
Fish,5
Pond6Fish5_FishType,green
Pond6Fish5_FishLatency,7.5
Pond6Fish5_CatchTime,1.073
Pond6Fish5_PondTime,48.155
Pond6Fish5_PondOutcome,55
Pond6Fish5_TotalOutcome,396
Pond6Fish5_TimeLeft,762.709
Type,N
FishN,18
Fish,6
Pond6Fish6_FishType,green
Pond6Fish6_FishLatency,8.571428571428571
Pond6Fish6_CatchTime,1.104
Pond6Fish6_PondTime,60.575
Pond6Fish6_PondOutcome,66
Pond6Fish6_TotalOutcome,407
Pond6Fish6_TimeLeft,750.289
Type,N
FishN,18
Fish,7
Pond6Fish7_FishType,green
Pond6Fish7_FishLatency,10
Pond6Fish7_CatchTime,1.158
Pond6Fish7_PondTime,74.983
Pond6Fish7_PondOutcome,77
Pond6Fish7_TotalOutcome,418
Pond6Fish7_TimeLeft,735.881
Type,N
FishN,18
Fish,8
Pond6Fish8_FishType,green
Pond6Fish8_FishLatency,12
Pond6Fish8_CatchTime,1.117
Pond6Fish8_PondTime,92.416
Pond6Fish8_PondOutcome,88
Pond6Fish8_TotalOutcome,429
Pond6Fish8_TimeLeft,718.448
PondEnd_LastFish,8
FishN,12
Type,N
GiveUpTime,20.981
PondTime,112.721
TimeLeft,697.642
PondOutcome,88
TotalOutcome,429
PondStart,PondStart
PondIntroTime,17.900858239736408
Type,N
FishN,19
Fish,1
Pond4Fish1_FishType,green
Pond4Fish1_FishLatency,4.615384615384615
Pond4Fish1_CatchTime,-1
Pond4Fish1_PondTime,9.38
Pond4Fish1_PondOutcome,0
Pond4Fish1_TotalOutcome,429
Pond4Fish1_TimeLeft,669.748
Type,N
FishN,19
Fish,2
Pond4Fish2_FishType,green
Pond4Fish2_FishLatency,5
Pond4Fish2_CatchTime,-1
Pond4Fish2_PondTime,17.333
Pond4Fish2_PondOutcome,0
Pond4Fish2_TotalOutcome,429
Pond4Fish2_TimeLeft,661.795
Type,N
FishN,19
Fish,3
Pond4Fish3_FishType,green
Pond4Fish3_FishLatency,5.454545454545454
Pond4Fish3_CatchTime,0.941
Pond4Fish3_PondTime,25.743
Pond4Fish3_PondOutcome,11
Pond4Fish3_TotalOutcome,440
Pond4Fish3_TimeLeft,653.385
Type,N
FishN,19
Fish,4
Pond4Fish4_FishType,green
Pond4Fish4_FishLatency,6
Pond4Fish4_CatchTime,1.092
Pond4Fish4_PondTime,34.836
Pond4Fish4_PondOutcome,22
Pond4Fish4_TotalOutcome,451
Pond4Fish4_TimeLeft,644.292
Type,N
FishN,19
Fish,5
Pond4Fish5_FishType,green
Pond4Fish5_FishLatency,6.666666666666667
Pond4Fish5_CatchTime,1.082
Pond4Fish5_PondTime,44.773
Pond4Fish5_PondOutcome,33
Pond4Fish5_TotalOutcome,462
Pond4Fish5_TimeLeft,634.355
Type,N
FishN,19
Fish,6
Pond4Fish6_FishType,green
Pond4Fish6_FishLatency,7.5
Pond4Fish6_CatchTime,1.118
Pond4Fish6_PondTime,55.778
Pond4Fish6_PondOutcome,44
Pond4Fish6_TotalOutcome,473
Pond4Fish6_TimeLeft,623.35
Type,N
FishN,19
Fish,7
Pond4Fish7_FishType,green
Pond4Fish7_FishLatency,8.571428571428571
Pond4Fish7_CatchTime,1.222
Pond4Fish7_PondTime,68.148
Pond4Fish7_PondOutcome,55
Pond4Fish7_TotalOutcome,484
Pond4Fish7_TimeLeft,610.98
Type,N
FishN,19
Fish,8
Pond4Fish8_FishType,green
Pond4Fish8_FishLatency,10
Pond4Fish8_CatchTime,1.175
Pond4Fish8_PondTime,82.558
Pond4Fish8_PondOutcome,66
Pond4Fish8_TotalOutcome,495
Pond4Fish8_TimeLeft,596.57
PondEnd_LastFish,8
FishN,13
Type,N
GiveUpTime,1.147
PondTime,83.085
TimeLeft,595.533
PondOutcome,66
TotalOutcome,495
PondStart,PondStart
PondIntroTime,14.78429209208116
Type,N
FishN,15
Fish,1
Pond9Fish1_FishType,green
Pond9Fish1_FishLatency,3.3333333333333335
Pond9Fish1_CatchTime,1.34
Pond9Fish1_PondTime,7.86
Pond9Fish1_PondOutcome,11
Pond9Fish1_TotalOutcome,506
Pond9Fish1_TimeLeft,572.256
Type,N
FishN,15
Fish,2
Pond9Fish2_FishType,green
Pond9Fish2_FishLatency,3.5294117647058822
Pond9Fish2_CatchTime,1.179
Pond9Fish2_PondTime,14.013
Pond9Fish2_PondOutcome,22
Pond9Fish2_TotalOutcome,517
Pond9Fish2_TimeLeft,566.103
Type,N
FishN,15
Fish,3
Pond9Fish3_FishType,green
Pond9Fish3_FishLatency,3.75
Pond9Fish3_CatchTime,1.169
Pond9Fish3_PondTime,20.431
Pond9Fish3_PondOutcome,33
Pond9Fish3_TotalOutcome,528
Pond9Fish3_TimeLeft,559.685
Type,N
FishN,15
Fish,4
Pond9Fish4_FishType,green
Pond9Fish4_FishLatency,4
Pond9Fish4_CatchTime,1.171
Pond9Fish4_PondTime,27.135
Pond9Fish4_PondOutcome,44
Pond9Fish4_TotalOutcome,539
Pond9Fish4_TimeLeft,552.98
Type,N
FishN,15
Fish,5
Pond9Fish5_FishType,green
Pond9Fish5_FishLatency,4.285714285714286
Pond9Fish5_CatchTime,1.183
Pond9Fish5_PondTime,34.188
Pond9Fish5_PondOutcome,55
Pond9Fish5_TotalOutcome,550
Pond9Fish5_TimeLeft,545.928
Type,N
FishN,15
Fish,6
Pond9Fish6_FishType,green
Pond9Fish6_FishLatency,4.615384615384615
Pond9Fish6_CatchTime,1.058
Pond9Fish6_PondTime,41.621
Pond9Fish6_PondOutcome,66
Pond9Fish6_TotalOutcome,561
Pond9Fish6_TimeLeft,538.495
Type,N
FishN,15
Fish,7
Pond9Fish7_FishType,green
Pond9Fish7_FishLatency,5
Pond9Fish7_CatchTime,1.318
Pond9Fish7_PondTime,49.507
Pond9Fish7_PondOutcome,77
Pond9Fish7_TotalOutcome,572
Pond9Fish7_TimeLeft,530.609
Type,N
FishN,15
Fish,8
Pond9Fish8_FishType,green
Pond9Fish8_FishLatency,5.454545454545454
Pond9Fish8_CatchTime,1.233
Pond9Fish8_PondTime,57.909
Pond9Fish8_PondOutcome,88
Pond9Fish8_TotalOutcome,583
Pond9Fish8_TimeLeft,522.207
Type,N
FishN,15
Fish,9
Pond9Fish9_FishType,green
Pond9Fish9_FishLatency,6
Pond9Fish9_CatchTime,1.36
Pond9Fish9_PondTime,66.995
Pond9Fish9_PondOutcome,99
Pond9Fish9_TotalOutcome,594
Pond9Fish9_TimeLeft,513.121
Type,N
FishN,15
Fish,10
Pond9Fish10_FishType,green
Pond9Fish10_FishLatency,6.666666666666667
Pond9Fish10_CatchTime,1.317
Pond9Fish10_PondTime,76.949
Pond9Fish10_PondOutcome,110
Pond9Fish10_TotalOutcome,605
Pond9Fish10_TimeLeft,503.166
Type,N
FishN,15
Fish,11
Pond9Fish11_FishType,green
Pond9Fish11_FishLatency,7.5
Pond9Fish11_CatchTime,1.473
Pond9Fish11_PondTime,87.922
Pond9Fish11_PondOutcome,121
Pond9Fish11_TotalOutcome,616
Pond9Fish11_TimeLeft,492.194
Type,N
FishN,15
Fish,12
Pond9Fish12_FishType,green
Pond9Fish12_FishLatency,8.571428571428571
Pond9Fish12_CatchTime,1.391
Pond9Fish12_PondTime,100.305
Pond9Fish12_PondOutcome,132
Pond9Fish12_TotalOutcome,627
Pond9Fish12_TimeLeft,479.811
Type,N
FishN,15
Fish,13
Pond9Fish13_FishType,green
Pond9Fish13_FishLatency,10
Pond9Fish13_CatchTime,1.282
Pond9Fish13_PondTime,114.741
Pond9Fish13_PondOutcome,143
Pond9Fish13_TotalOutcome,638
Pond9Fish13_TimeLeft,465.375
Type,N
FishN,15
Fish,14
Pond9Fish14_FishType,green
Pond9Fish14_FishLatency,12
Pond9Fish14_CatchTime,1.359
Pond9Fish14_PondTime,132.164
Pond9Fish14_PondOutcome,154
Pond9Fish14_TotalOutcome,649
Pond9Fish14_TimeLeft,447.952
PondEnd_LastFish,14
FishN,18
Type,N
GiveUpTime,1.167
PondTime,132.871
TimeLeft,446.739
PondOutcome,154
TotalOutcome,649
PondStart,PondStart
PondIntroTime,17.037180899642408
Type,N
FishN,15
Fish,1
Pond8Fish1_FishType,green
Pond8Fish1_FishLatency,3.75
Pond8Fish1_CatchTime,1.299
Pond8Fish1_PondTime,8.288
Pond8Fish1_PondOutcome,11
Pond8Fish1_TotalOutcome,660
Pond8Fish1_TimeLeft,420.785
Type,N
FishN,15
Fish,2
Pond8Fish2_FishType,green
Pond8Fish2_FishLatency,4
Pond8Fish2_CatchTime,1.563
Pond8Fish2_PondTime,15.001
Pond8Fish2_PondOutcome,22
Pond8Fish2_TotalOutcome,671
Pond8Fish2_TimeLeft,414.072
Type,N
FishN,15
Fish,3
Pond8Fish3_FishType,green
Pond8Fish3_FishLatency,4.285714285714286
Pond8Fish3_CatchTime,0.945
Pond8Fish3_PondTime,22.05
Pond8Fish3_PondOutcome,33
Pond8Fish3_TotalOutcome,682
Pond8Fish3_TimeLeft,407.023
Type,N
FishN,15
Fish,4
Pond8Fish4_FishType,green
Pond8Fish4_FishLatency,4.615384615384615
Pond8Fish4_CatchTime,1.214
Pond8Fish4_PondTime,29.469
Pond8Fish4_PondOutcome,44
Pond8Fish4_TotalOutcome,693
Pond8Fish4_TimeLeft,399.604
Type,N
FishN,15
Fish,5
Pond8Fish5_FishType,green
Pond8Fish5_FishLatency,5
Pond8Fish5_CatchTime,1.089
Pond8Fish5_PondTime,37.338
Pond8Fish5_PondOutcome,55
Pond8Fish5_TotalOutcome,704
Pond8Fish5_TimeLeft,391.735
Type,N
FishN,15
Fish,6
Pond8Fish6_FishType,green
Pond8Fish6_FishLatency,5.454545454545454
Pond8Fish6_CatchTime,1.26
Pond8Fish6_PondTime,45.716
Pond8Fish6_PondOutcome,66
Pond8Fish6_TotalOutcome,715
Pond8Fish6_TimeLeft,383.357
Type,N
FishN,15
Fish,7
Pond8Fish7_FishType,green
Pond8Fish7_FishLatency,6
Pond8Fish7_CatchTime,1.204
Pond8Fish7_PondTime,54.809
Pond8Fish7_PondOutcome,77
Pond8Fish7_TotalOutcome,726
Pond8Fish7_TimeLeft,374.264
Type,N
FishN,15
Fish,8
Pond8Fish8_FishType,green
Pond8Fish8_FishLatency,6.666666666666667
Pond8Fish8_CatchTime,1.056
Pond8Fish8_PondTime,64.728
Pond8Fish8_PondOutcome,88
Pond8Fish8_TotalOutcome,737
Pond8Fish8_TimeLeft,364.345
Type,N
FishN,15
Fish,9
Pond8Fish9_FishType,green
Pond8Fish9_FishLatency,7.5
Pond8Fish9_CatchTime,1.319
Pond8Fish9_PondTime,75.714
Pond8Fish9_PondOutcome,99
Pond8Fish9_TotalOutcome,748
Pond8Fish9_TimeLeft,353.359
Type,N
FishN,15
Fish,10
Pond8Fish10_FishType,green
Pond8Fish10_FishLatency,8.571428571428571
Pond8Fish10_CatchTime,1.331
Pond8Fish10_PondTime,88.119
Pond8Fish10_PondOutcome,110
Pond8Fish10_TotalOutcome,759
Pond8Fish10_TimeLeft,340.953
Type,N
FishN,15
Fish,11
Pond8Fish11_FishType,green
Pond8Fish11_FishLatency,10
Pond8Fish11_CatchTime,1.717
Pond8Fish11_PondTime,102.543
Pond8Fish11_PondOutcome,121
Pond8Fish11_TotalOutcome,770
Pond8Fish11_TimeLeft,326.53
PondEnd_LastFish,11
FishN,16
Type,N
GiveUpTime,1.404
PondTime,103.833
TimeLeft,324.736
PondOutcome,121
TotalOutcome,770
PondStart,PondStart
PondIntroTime,11.038960798177868
Type,N
FishN,17
Fish,1
Pond12Fish1_FishType,green
Pond12Fish1_FishLatency,3.1578947368421053
Pond12Fish1_CatchTime,1.045
Pond12Fish1_PondTime,7.642
Pond12Fish1_PondOutcome,11
Pond12Fish1_TotalOutcome,781
Pond12Fish1_TimeLeft,305.43
Type,N
FishN,17
Fish,2
Pond12Fish2_FishType,green
Pond12Fish2_FishLatency,3.3333333333333335
Pond12Fish2_CatchTime,1.203
Pond12Fish2_PondTime,13.549
Pond12Fish2_PondOutcome,22
Pond12Fish2_TotalOutcome,792
Pond12Fish2_TimeLeft,299.523
Type,N
FishN,17
Fish,3
Pond12Fish3_FishType,green
Pond12Fish3_FishLatency,3.5294117647058822
Pond12Fish3_CatchTime,1.17
Pond12Fish3_PondTime,19.715
Pond12Fish3_PondOutcome,33
Pond12Fish3_TotalOutcome,803
Pond12Fish3_TimeLeft,293.357
Type,N
FishN,17
Fish,4
Pond12Fish4_FishType,green
Pond12Fish4_FishLatency,3.75
Pond12Fish4_CatchTime,1.185
Pond12Fish4_PondTime,26.117
Pond12Fish4_PondOutcome,44
Pond12Fish4_TotalOutcome,814
Pond12Fish4_TimeLeft,286.955
Type,N
FishN,17
Fish,5
Pond12Fish5_FishType,green
Pond12Fish5_FishLatency,4
Pond12Fish5_CatchTime,1.179
Pond12Fish5_PondTime,32.819
Pond12Fish5_PondOutcome,55
Pond12Fish5_TotalOutcome,825
Pond12Fish5_TimeLeft,280.253
Type,N
FishN,17
Fish,6
Pond12Fish6_FishType,green
Pond12Fish6_FishLatency,4.285714285714286
Pond12Fish6_CatchTime,1.126
Pond12Fish6_PondTime,39.888
Pond12Fish6_PondOutcome,66
Pond12Fish6_TotalOutcome,836
Pond12Fish6_TimeLeft,273.184
Type,N
FishN,17
Fish,7
Pond12Fish7_FishType,green
Pond12Fish7_FishLatency,4.615384615384615
Pond12Fish7_CatchTime,1.366
Pond12Fish7_PondTime,47.327
Pond12Fish7_PondOutcome,77
Pond12Fish7_TotalOutcome,847
Pond12Fish7_TimeLeft,265.745
Type,N
FishN,17
Fish,8
Pond12Fish8_FishType,green
Pond12Fish8_FishLatency,5
Pond12Fish8_CatchTime,1.435
Pond12Fish8_PondTime,55.177
Pond12Fish8_PondOutcome,88
Pond12Fish8_TotalOutcome,858
Pond12Fish8_TimeLeft,257.895
Type,N
FishN,17
Fish,9
Pond12Fish9_FishType,green
Pond12Fish9_FishLatency,5.454545454545454
Pond12Fish9_CatchTime,1.226
Pond12Fish9_PondTime,63.612
Pond12Fish9_PondOutcome,99
Pond12Fish9_TotalOutcome,869
Pond12Fish9_TimeLeft,249.46
Type,N
FishN,17
Fish,10
Pond12Fish10_FishType,green
Pond12Fish10_FishLatency,6
Pond12Fish10_CatchTime,1.371
Pond12Fish10_PondTime,72.723
Pond12Fish10_PondOutcome,110
Pond12Fish10_TotalOutcome,880
Pond12Fish10_TimeLeft,240.349
Type,N
FishN,17
Fish,11
Pond12Fish11_FishType,green
Pond12Fish11_FishLatency,6.666666666666667
Pond12Fish11_CatchTime,1.339
Pond12Fish11_PondTime,82.669
Pond12Fish11_PondOutcome,121
Pond12Fish11_TotalOutcome,891
Pond12Fish11_TimeLeft,230.403
PondEnd_LastFish,11
FishN,19
Type,N
GiveUpTime,4.262
PondTime,86.469
TimeLeft,226.094
PondOutcome,121
TotalOutcome,891
PondStart,PondStart
PondIntroTime,16.229400322772563
Type,N
FishN,16
Fish,1
Pond1Fish1_FishType,green
Pond1Fish1_FishLatency,3.75
Pond1Fish1_CatchTime,1.123
Pond1Fish1_PondTime,9.266
Pond1Fish1_PondOutcome,11
Pond1Fish1_TotalOutcome,902
Pond1Fish1_TimeLeft,197.983
Type,N
FishN,16
Fish,2
Pond1Fish2_FishType,green
Pond1Fish2_FishLatency,4
Pond1Fish2_CatchTime,1.255
Pond1Fish2_PondTime,15.965
Pond1Fish2_PondOutcome,22
Pond1Fish2_TotalOutcome,913
Pond1Fish2_TimeLeft,191.284
Type,N
FishN,16
Fish,3
Pond1Fish3_FishType,green
Pond1Fish3_FishLatency,4.285714285714286
Pond1Fish3_CatchTime,1.27
Pond1Fish3_PondTime,23.016
Pond1Fish3_PondOutcome,33
Pond1Fish3_TotalOutcome,924
Pond1Fish3_TimeLeft,184.233
Type,N
FishN,16
Fish,4
Pond1Fish4_FishType,green
Pond1Fish4_FishLatency,4.615384615384615
Pond1Fish4_CatchTime,1.418
Pond1Fish4_PondTime,30.448
Pond1Fish4_PondOutcome,44
Pond1Fish4_TotalOutcome,935
Pond1Fish4_TimeLeft,176.801
Type,N
FishN,16
Fish,5
Pond1Fish5_FishType,green
Pond1Fish5_FishLatency,5
Pond1Fish5_CatchTime,1.369
Pond1Fish5_PondTime,38.309
Pond1Fish5_PondOutcome,55
Pond1Fish5_TotalOutcome,946
Pond1Fish5_TimeLeft,168.94
Type,N
FishN,16
Fish,6
Pond1Fish6_FishType,green
Pond1Fish6_FishLatency,5.454545454545454
Pond1Fish6_CatchTime,1.328
Pond1Fish6_PondTime,46.745
Pond1Fish6_PondOutcome,66
Pond1Fish6_TotalOutcome,957
Pond1Fish6_TimeLeft,160.504
Type,N
FishN,16
Fish,7
Pond1Fish7_FishType,green
Pond1Fish7_FishLatency,6
Pond1Fish7_CatchTime,1.354
Pond1Fish7_PondTime,55.824
Pond1Fish7_PondOutcome,77
Pond1Fish7_TotalOutcome,968
Pond1Fish7_TimeLeft,151.425
Type,N
FishN,16
Fish,8
Pond1Fish8_FishType,green
Pond1Fish8_FishLatency,6.666666666666667
Pond1Fish8_CatchTime,1.26
Pond1Fish8_PondTime,65.694
Pond1Fish8_PondOutcome,88
Pond1Fish8_TotalOutcome,979
Pond1Fish8_TimeLeft,141.555
PondEnd_LastFish,8
FishN,16
Type,N
GiveUpTime,1.028
PondTime,66.186
TimeLeft,140.555
PondOutcome,88
TotalOutcome,979
PondStart,PondStart
PondIntroTime,10.777417025528848
Type,N
FishN,18
Fish,1
Pond3Fish1_FishType,green
Pond3Fish1_FishLatency,4
Pond3Fish1_CatchTime,1.518
Pond3Fish1_PondTime,8.603
Pond3Fish1_PondOutcome,11
Pond3Fish1_TotalOutcome,990
Pond3Fish1_TimeLeft,120.551
Type,N
FishN,18
Fish,2
Pond3Fish2_FishType,green
Pond3Fish2_FishLatency,4.285714285714286
Pond3Fish2_CatchTime,1.018
Pond3Fish2_PondTime,15.665
Pond3Fish2_PondOutcome,22
Pond3Fish2_TotalOutcome,1001
Pond3Fish2_TimeLeft,113.489
Type,N
FishN,18
Fish,3
Pond3Fish3_FishType,green
Pond3Fish3_FishLatency,4.615384615384615
Pond3Fish3_CatchTime,1.391
Pond3Fish3_PondTime,23.092
Pond3Fish3_PondOutcome,33
Pond3Fish3_TotalOutcome,1012
Pond3Fish3_TimeLeft,106.062
Type,N
FishN,18
Fish,4
Pond3Fish4_FishType,green
Pond3Fish4_FishLatency,5
Pond3Fish4_CatchTime,1.074
Pond3Fish4_PondTime,30.984
Pond3Fish4_PondOutcome,44
Pond3Fish4_TotalOutcome,1023
Pond3Fish4_TimeLeft,98.17
Type,N
FishN,18
Fish,5
Pond3Fish5_FishType,green
Pond3Fish5_FishLatency,5.454545454545454
Pond3Fish5_CatchTime,1.176
Pond3Fish5_PondTime,39.375
Pond3Fish5_PondOutcome,55
Pond3Fish5_TotalOutcome,1034
Pond3Fish5_TimeLeft,89.779
Type,N
FishN,18
Fish,6
Pond3Fish6_FishType,green
Pond3Fish6_FishLatency,6
Pond3Fish6_CatchTime,1.368
Pond3Fish6_PondTime,48.48
Pond3Fish6_PondOutcome,66
Pond3Fish6_TotalOutcome,1045
Pond3Fish6_TimeLeft,80.674
Type,N
FishN,18
Fish,7
Pond3Fish7_FishType,green
Pond3Fish7_FishLatency,6.666666666666667
Pond3Fish7_CatchTime,1.145
Pond3Fish7_PondTime,58.364
Pond3Fish7_PondOutcome,77
Pond3Fish7_TotalOutcome,1056
Pond3Fish7_TimeLeft,70.79
Type,N
FishN,18
Fish,8
Pond3Fish8_FishType,green
Pond3Fish8_FishLatency,7.5
Pond3Fish8_CatchTime,1.325
Pond3Fish8_PondTime,69.4
Pond3Fish8_PondOutcome,88
Pond3Fish8_TotalOutcome,1067
Pond3Fish8_TimeLeft,59.754
Type,N
FishN,18
Fish,9
Pond3Fish9_FishType,green
Pond3Fish9_FishLatency,8.571428571428571
Pond3Fish9_CatchTime,1.929
Pond3Fish9_PondTime,82.026
Pond3Fish9_PondOutcome,99
Pond3Fish9_TotalOutcome,1078
Pond3Fish9_TimeLeft,47.128
PondEnd_LastFish,9
FishN,15
Type,N
GiveUpTime,0.76
PondTime,82.684
TimeLeft,45.96
PondOutcome,99
TotalOutcome,1078
PondStart,PondStart
PondIntroTime,15.244740834459662
Type,N
FishN,18
Fish,1
Pond5Fish1_FishType,green
Pond5Fish1_FishLatency,4
Pond5Fish1_CatchTime,1.163
Pond5Fish1_PondTime,8.581
Pond5Fish1_PondOutcome,11
Pond5Fish1_TotalOutcome,1089
Pond5Fish1_TimeLeft,21.507
PondEnd_LastFish,1
FishN,15
Type,N
GiveUpTime,1.605
PondTime,9.555
TimeLeft,20.03
PondOutcome,11
TotalOutcome,1089
PondStart,PondStart
PondIntroTime,10.019177603535354
