,57c1ab62ffd38700010b4637
PlayerDetails,57c1ab62ffd38700010b4637
GameCompleted,finished
Selected ponds in the game,=======
Pond1_Type,RT
Pond1_#Fishes,15
Pond12_Type,N
Pond12_#Fishes,19
Pond8_Type,RD
Pond8_#Fishes,19
Pond11_Type,N
Pond11_#Fishes,17
Pond2_Type,RD
Pond2_#Fishes,12
Pond7_Type,N
Pond7_#Fishes,17
Pond5_Type,N
Pond5_#Fishes,15
GameTime,1200
FishVisibilityTime,2
SecondPerFishRatio,60
MissingThreshold,5
RD,GoldFish,Probability,0
RD,GoldFish,Outcome,20
RD,BlueFish,Probability,0.9
RD,BlueFish,Outcome,12
RD,GreenFish,Probability,0
RD,GreenFish,Outcome,11
RD,PurpleFish,Probability,0
RD,PurpleFish,Outcome,10
RD,GreyFish,Probability,0.1
RD,GreyFish,Outcome,2
RT,GoldFish,Probability,0.1
RT,GoldFish,Outcome,20
RT,BlueFish,Probability,0
RT,BlueFish,Outcome,12
RT,GreenFish,Probability,0
RT,GreenFish,Outcome,11
RT,PurpleFish,Probability,0.9
RT,PurpleFish,Outcome,10
RT,GreyFish,Probability,0
RT,GreyFish,Outcome,2
N,GoldFish,Probability,0
N,GoldFish,Outcome,20
N,BlueFish,Probability,0
N,BlueFish,Outcome,12
N,GreenFish,Probability,1
N,GreenFish,Outcome,11
N,PurpleFish,Probability,0
N,PurpleFish,Outcome,10
N,GreyFish,Probability,0
N,GreyFish,Outcome,2
Date:,Sat Jan 18 2020 10:05:32 GMT+0000 (Greenwich Mean Time)
Type,RT
FishN,18
Fish,1
Pond1Fish1_FishType,purple
Pond1Fish1_FishLatency,4
Pond1Fish1_CatchTime,1.479
Pond1Fish1_PondTime,8.962
Pond1Fish1_PondOutcome,10
Pond1Fish1_TotalOutcome,10
Pond1Fish1_TimeLeft,1193.436
Type,RT
FishN,18
Fish,2
Pond1Fish2_FishType,purple
Pond1Fish2_FishLatency,4.285714285714286
Pond1Fish2_CatchTime,1.436
Pond1Fish2_PondTime,15.943
Pond1Fish2_PondOutcome,20
Pond1Fish2_TotalOutcome,20
Pond1Fish2_TimeLeft,1186.455
Type,RT
FishN,18
Fish,3
Pond1Fish3_FishType,purple
Pond1Fish3_FishLatency,4.615384615384615
Pond1Fish3_CatchTime,1.949
Pond1Fish3_PondTime,23.594
Pond1Fish3_PondOutcome,30
Pond1Fish3_TotalOutcome,30
Pond1Fish3_TimeLeft,1178.804
Type,RT
FishN,18
Fish,4
Pond1Fish4_FishType,purple
Pond1Fish4_FishLatency,5
Pond1Fish4_CatchTime,1.536
Pond1Fish4_PondTime,31.431
Pond1Fish4_PondOutcome,40
Pond1Fish4_TotalOutcome,40
Pond1Fish4_TimeLeft,1170.967
Type,RT
FishN,18
Fish,5
Pond1Fish5_FishType,purple
Pond1Fish5_FishLatency,5.454545454545454
Pond1Fish5_CatchTime,1.472
Pond1Fish5_PondTime,39.813
Pond1Fish5_PondOutcome,50
Pond1Fish5_TotalOutcome,50
Pond1Fish5_TimeLeft,1162.585
Type,RT
FishN,18
Fish,6
Pond1Fish6_FishType,golden
Pond1Fish6_FishLatency,6
Pond1Fish6_CatchTime,1.253
Pond1Fish6_PondTime,48.866
Pond1Fish6_PondOutcome,70
Pond1Fish6_TotalOutcome,70
Pond1Fish6_TimeLeft,1153.532
Type,RT
FishN,18
Fish,7
Pond1Fish7_FishType,purple
Pond1Fish7_FishLatency,6.666666666666667
Pond1Fish7_CatchTime,1.533
Pond1Fish7_PondTime,58.758
Pond1Fish7_PondOutcome,80
Pond1Fish7_TotalOutcome,80
Pond1Fish7_TimeLeft,1143.64
Type,RT
FishN,18
Fish,8
Pond1Fish8_FishType,purple
Pond1Fish8_FishLatency,7.5
Pond1Fish8_CatchTime,1.338
Pond1Fish8_PondTime,69.711
Pond1Fish8_PondOutcome,90
Pond1Fish8_TotalOutcome,90
Pond1Fish8_TimeLeft,1132.687
Type,RT
FishN,18
Fish,9
Pond1Fish9_FishType,purple
Pond1Fish9_FishLatency,8.571428571428571
Pond1Fish9_CatchTime,1.78
Pond1Fish9_PondTime,82.191
Pond1Fish9_PondOutcome,100
Pond1Fish9_TotalOutcome,100
Pond1Fish9_TimeLeft,1120.207
Type,RT
FishN,18
Fish,10
Pond1Fish10_FishType,purple
Pond1Fish10_FishLatency,10
Pond1Fish10_CatchTime,1.436
Pond1Fish10_PondTime,96.573
Pond1Fish10_PondOutcome,110
Pond1Fish10_TotalOutcome,110
Pond1Fish10_TimeLeft,1105.825
Type,RT
FishN,18
Fish,11
Pond1Fish11_FishType,purple
Pond1Fish11_FishLatency,12
Pond1Fish11_CatchTime,1.628
Pond1Fish11_PondTime,113.96
Pond1Fish11_PondOutcome,120
Pond1Fish11_TotalOutcome,120
Pond1Fish11_TimeLeft,1088.438
PondEnd_LastFish,11
FishN,15
Type,RT
GiveUpTime,1.26
PondTime,115.05
TimeLeft,1086.845
PondOutcome,120
TotalOutcome,120
PondStart,PondStart
PondIntroTime,13.294589768629521
Type,N
FishN,18
Fish,1
Pond12Fish1_FishType,green
Pond12Fish1_FishLatency,3.1578947368421053
Pond12Fish1_CatchTime,1.415
Pond12Fish1_PondTime,7.659
Pond12Fish1_PondOutcome,11
Pond12Fish1_TotalOutcome,131
Pond12Fish1_TimeLeft,1065.243
Type,N
FishN,18
Fish,2
Pond12Fish2_FishType,green
Pond12Fish2_FishLatency,3.3333333333333335
Pond12Fish2_CatchTime,1.271
Pond12Fish2_PondTime,13.543
Pond12Fish2_PondOutcome,22
Pond12Fish2_TotalOutcome,142
Pond12Fish2_TimeLeft,1059.359
Type,N
FishN,18
Fish,3
Pond12Fish3_FishType,green
Pond12Fish3_FishLatency,3.5294117647058822
Pond12Fish3_CatchTime,1.451
Pond12Fish3_PondTime,19.664
Pond12Fish3_PondOutcome,33
Pond12Fish3_TotalOutcome,153
Pond12Fish3_TimeLeft,1053.238
Type,N
FishN,18
Fish,4
Pond12Fish4_FishType,green
Pond12Fish4_FishLatency,3.75
Pond12Fish4_CatchTime,1.352
Pond12Fish4_PondTime,26.044
Pond12Fish4_PondOutcome,44
Pond12Fish4_TotalOutcome,164
Pond12Fish4_TimeLeft,1046.858
Type,N
FishN,18
Fish,5
Pond12Fish5_FishType,green
Pond12Fish5_FishLatency,4
Pond12Fish5_CatchTime,1.451
Pond12Fish5_PondTime,32.695
Pond12Fish5_PondOutcome,55
Pond12Fish5_TotalOutcome,175
Pond12Fish5_TimeLeft,1040.207
Type,N
FishN,18
Fish,6
Pond12Fish6_FishType,green
Pond12Fish6_FishLatency,4.285714285714286
Pond12Fish6_CatchTime,1.477
Pond12Fish6_PondTime,39.692
Pond12Fish6_PondOutcome,66
Pond12Fish6_TotalOutcome,186
Pond12Fish6_TimeLeft,1033.21
Type,N
FishN,18
Fish,7
Pond12Fish7_FishType,green
Pond12Fish7_FishLatency,4.615384615384615
Pond12Fish7_CatchTime,1.484
Pond12Fish7_PondTime,47.057
Pond12Fish7_PondOutcome,77
Pond12Fish7_TotalOutcome,197
Pond12Fish7_TimeLeft,1025.845
Type,N
FishN,18
Fish,8
Pond12Fish8_FishType,green
Pond12Fish8_FishLatency,5
Pond12Fish8_CatchTime,1.49
Pond12Fish8_PondTime,54.894
Pond12Fish8_PondOutcome,88
Pond12Fish8_TotalOutcome,208
Pond12Fish8_TimeLeft,1018.008
Type,N
FishN,18
Fish,9
Pond12Fish9_FishType,green
Pond12Fish9_FishLatency,5.454545454545454
Pond12Fish9_CatchTime,1.128
Pond12Fish9_PondTime,63.274
Pond12Fish9_PondOutcome,99
Pond12Fish9_TotalOutcome,219
Pond12Fish9_TimeLeft,1009.628
Type,N
FishN,18
Fish,10
Pond12Fish10_FishType,green
Pond12Fish10_FishLatency,6
Pond12Fish10_CatchTime,1.396
Pond12Fish10_PondTime,72.324
Pond12Fish10_PondOutcome,110
Pond12Fish10_TotalOutcome,230
Pond12Fish10_TimeLeft,1000.578
Type,N
FishN,18
Fish,11
Pond12Fish11_FishType,green
Pond12Fish11_FishLatency,6.666666666666667
Pond12Fish11_CatchTime,1.32
Pond12Fish11_PondTime,82.206
Pond12Fish11_PondOutcome,121
Pond12Fish11_TotalOutcome,241
Pond12Fish11_TimeLeft,990.696
Type,N
FishN,18
Fish,12
Pond12Fish12_FishType,green
Pond12Fish12_FishLatency,7.5
Pond12Fish12_CatchTime,1.465
Pond12Fish12_PondTime,93.158
Pond12Fish12_PondOutcome,132
Pond12Fish12_TotalOutcome,252
Pond12Fish12_TimeLeft,979.744
Type,N
FishN,18
Fish,13
Pond12Fish13_FishType,green
Pond12Fish13_FishLatency,8.571428571428571
Pond12Fish13_CatchTime,1.463
Pond12Fish13_PondTime,105.538
Pond12Fish13_PondOutcome,143
Pond12Fish13_TotalOutcome,263
Pond12Fish13_TimeLeft,967.364
Type,N
FishN,18
Fish,14
Pond12Fish14_FishType,green
Pond12Fish14_FishLatency,10
Pond12Fish14_CatchTime,1.515
Pond12Fish14_PondTime,119.922
Pond12Fish14_PondOutcome,154
Pond12Fish14_TotalOutcome,274
Pond12Fish14_TimeLeft,952.98
PondEnd_LastFish,14
FishN,19
Type,N
GiveUpTime,1.366
PondTime,121.006
TimeLeft,951.392
PondOutcome,154
TotalOutcome,274
PondStart,PondStart
PondIntroTime,18.9018869609572
Type,RD
FishN,18
Fish,1
Pond8Fish1_FishType,blue
Pond8Fish1_FishLatency,3.1578947368421053
Pond8Fish1_CatchTime,1.396
Pond8Fish1_PondTime,7.638
Pond8Fish1_PondOutcome,12
Pond8Fish1_TotalOutcome,286
Pond8Fish1_TimeLeft,924.196
Type,RD
FishN,18
Fish,2
Pond8Fish2_FishType,blue
Pond8Fish2_FishLatency,3.3333333333333335
Pond8Fish2_CatchTime,1.222
Pond8Fish2_PondTime,13.538
Pond8Fish2_PondOutcome,24
Pond8Fish2_TotalOutcome,298
Pond8Fish2_TimeLeft,918.296
Type,RD
FishN,18
Fish,3
Pond8Fish3_FishType,blue
Pond8Fish3_FishLatency,3.5294117647058822
Pond8Fish3_CatchTime,1.063
Pond8Fish3_PondTime,19.659
Pond8Fish3_PondOutcome,36
Pond8Fish3_TotalOutcome,310
Pond8Fish3_TimeLeft,912.175
Type,RD
FishN,18
Fish,4
Pond8Fish4_FishType,blue
Pond8Fish4_FishLatency,3.75
Pond8Fish4_CatchTime,1.251
Pond8Fish4_PondTime,26.022
Pond8Fish4_PondOutcome,48
Pond8Fish4_TotalOutcome,322
Pond8Fish4_TimeLeft,905.812
Type,RD
FishN,18
Fish,5
Pond8Fish5_FishType,blue
Pond8Fish5_FishLatency,4
Pond8Fish5_CatchTime,1.081
Pond8Fish5_PondTime,32.688
Pond8Fish5_PondOutcome,60
Pond8Fish5_TotalOutcome,334
Pond8Fish5_TimeLeft,899.146
Type,RD
FishN,18
Fish,6
Pond8Fish6_FishType,blue
Pond8Fish6_FishLatency,4.285714285714286
Pond8Fish6_CatchTime,1.273
Pond8Fish6_PondTime,39.685
Pond8Fish6_PondOutcome,72
Pond8Fish6_TotalOutcome,346
Pond8Fish6_TimeLeft,892.149
Type,RD
FishN,18
Fish,7
Pond8Fish7_FishType,blue
Pond8Fish7_FishLatency,4.615384615384615
Pond8Fish7_CatchTime,1.346
Pond8Fish7_PondTime,47.056
Pond8Fish7_PondOutcome,84
Pond8Fish7_TotalOutcome,358
Pond8Fish7_TimeLeft,884.778
Type,RD
FishN,18
Fish,8
Pond8Fish8_FishType,blue
Pond8Fish8_FishLatency,5
Pond8Fish8_CatchTime,1.42
Pond8Fish8_PondTime,54.886
Pond8Fish8_PondOutcome,96
Pond8Fish8_TotalOutcome,370
Pond8Fish8_TimeLeft,876.948
Type,RD
FishN,18
Fish,9
Pond8Fish9_FishType,blue
Pond8Fish9_FishLatency,5.454545454545454
Pond8Fish9_CatchTime,1.177
Pond8Fish9_PondTime,63.253
Pond8Fish9_PondOutcome,108
Pond8Fish9_TotalOutcome,382
Pond8Fish9_TimeLeft,868.581
Type,RD
FishN,18
Fish,10
Pond8Fish10_FishType,blue
Pond8Fish10_FishLatency,6
Pond8Fish10_CatchTime,1.027
Pond8Fish10_PondTime,72.301
Pond8Fish10_PondOutcome,120
Pond8Fish10_TotalOutcome,394
Pond8Fish10_TimeLeft,859.533
Type,RD
FishN,18
Fish,11
Pond8Fish11_FishType,blue
Pond8Fish11_FishLatency,6.666666666666667
Pond8Fish11_CatchTime,1.159
Pond8Fish11_PondTime,82.185
Pond8Fish11_PondOutcome,132
Pond8Fish11_TotalOutcome,406
Pond8Fish11_TimeLeft,849.649
Type,RD
FishN,18
Fish,12
Pond8Fish12_FishType,gray
Pond8Fish12_FishLatency,7.5
Pond8Fish12_CatchTime,-1
Pond8Fish12_PondTime,93.198
Pond8Fish12_PondOutcome,132
Pond8Fish12_TotalOutcome,406
Pond8Fish12_TimeLeft,838.636
Type,RD
FishN,18
Fish,13
Pond8Fish13_FishType,blue
Pond8Fish13_FishLatency,8.571428571428571
Pond8Fish13_CatchTime,1.418
Pond8Fish13_PondTime,105.572
Pond8Fish13_PondOutcome,144
Pond8Fish13_TotalOutcome,418
Pond8Fish13_TimeLeft,826.262
Type,RD
FishN,18
Fish,14
Pond8Fish14_FishType,blue
Pond8Fish14_FishLatency,10
Pond8Fish14_CatchTime,1.456
Pond8Fish14_PondTime,119.954
Pond8Fish14_PondOutcome,156
Pond8Fish14_TotalOutcome,430
Pond8Fish14_TimeLeft,811.88
Type,RD
FishN,18
Fish,15
Pond8Fish15_FishType,blue
Pond8Fish15_FishLatency,12
Pond8Fish15_CatchTime,1.457
Pond8Fish15_PondTime,137.338
Pond8Fish15_PondOutcome,168
Pond8Fish15_TotalOutcome,442
Pond8Fish15_TimeLeft,794.496
PondEnd_LastFish,15
FishN,19
Type,RD
GiveUpTime,1.524
PondTime,138.521
TimeLeft,792.809
PondOutcome,168
TotalOutcome,442
PondStart,PondStart
PondIntroTime,14.28573971381411
Type,N
FishN,15
Fish,1
Pond11Fish1_FishType,green
Pond11Fish1_FishLatency,3.5294117647058822
Pond11Fish1_CatchTime,1.362
Pond11Fish1_PondTime,8.033
Pond11Fish1_PondOutcome,11
Pond11Fish1_TotalOutcome,453
Pond11Fish1_TimeLeft,769.868
Type,N
FishN,15
Fish,2
Pond11Fish2_FishType,green
Pond11Fish2_FishLatency,3.75
Pond11Fish2_CatchTime,1.421
Pond11Fish2_PondTime,14.402
Pond11Fish2_PondOutcome,22
Pond11Fish2_TotalOutcome,464
Pond11Fish2_TimeLeft,763.499
Type,N
FishN,15
Fish,3
Pond11Fish3_FishType,green
Pond11Fish3_FishLatency,4
Pond11Fish3_CatchTime,1.621
Pond11Fish3_PondTime,21.046
Pond11Fish3_PondOutcome,33
Pond11Fish3_TotalOutcome,475
Pond11Fish3_TimeLeft,756.855
Type,N
FishN,15
Fish,4
Pond11Fish4_FishType,green
Pond11Fish4_FishLatency,4.285714285714286
Pond11Fish4_CatchTime,1.313
Pond11Fish4_PondTime,28.045
Pond11Fish4_PondOutcome,44
Pond11Fish4_TotalOutcome,486
Pond11Fish4_TimeLeft,749.856
Type,N
FishN,15
Fish,5
Pond11Fish5_FishType,green
Pond11Fish5_FishLatency,4.615384615384615
Pond11Fish5_CatchTime,1.499
Pond11Fish5_PondTime,35.431
Pond11Fish5_PondOutcome,55
Pond11Fish5_TotalOutcome,497
Pond11Fish5_TimeLeft,742.47
Type,N
FishN,15
Fish,6
Pond11Fish6_FishType,green
Pond11Fish6_FishLatency,5
Pond11Fish6_CatchTime,1.485
Pond11Fish6_PondTime,43.264
Pond11Fish6_PondOutcome,66
Pond11Fish6_TotalOutcome,508
Pond11Fish6_TimeLeft,734.637
Type,N
FishN,15
Fish,7
Pond11Fish7_FishType,green
Pond11Fish7_FishLatency,5.454545454545454
Pond11Fish7_CatchTime,-1
Pond11Fish7_PondTime,51.694
Pond11Fish7_PondOutcome,66
Pond11Fish7_TotalOutcome,508
Pond11Fish7_TimeLeft,726.207
Type,N
FishN,15
Fish,8
Pond11Fish8_FishType,green
Pond11Fish8_FishLatency,6
Pond11Fish8_CatchTime,1.403
Pond11Fish8_PondTime,60.73
Pond11Fish8_PondOutcome,77
Pond11Fish8_TotalOutcome,519
Pond11Fish8_TimeLeft,717.171
Type,N
FishN,15
Fish,9
Pond11Fish9_FishType,green
Pond11Fish9_FishLatency,6.666666666666667
Pond11Fish9_CatchTime,1.269
Pond11Fish9_PondTime,70.612
Pond11Fish9_PondOutcome,88
Pond11Fish9_TotalOutcome,530
Pond11Fish9_TimeLeft,707.289
Type,N
FishN,15
Fish,10
Pond11Fish10_FishType,green
Pond11Fish10_FishLatency,7.5
Pond11Fish10_CatchTime,1.458
Pond11Fish10_PondTime,81.561
Pond11Fish10_PondOutcome,99
Pond11Fish10_TotalOutcome,541
Pond11Fish10_TimeLeft,696.34
Type,N
FishN,15
Fish,11
Pond11Fish11_FishType,green
Pond11Fish11_FishLatency,8.571428571428571
Pond11Fish11_CatchTime,1.313
Pond11Fish11_PondTime,93.945
Pond11Fish11_PondOutcome,110
Pond11Fish11_TotalOutcome,552
Pond11Fish11_TimeLeft,683.956
PondEnd_LastFish,11
FishN,17
Type,N
GiveUpTime,1.395
PondTime,94.854
TimeLeft,682.546
PondOutcome,110
TotalOutcome,552
PondStart,PondStart
PondIntroTime,14.830212807282805
Type,RD
FishN,18
Fish,1
Pond2Fish1_FishType,blue
Pond2Fish1_FishLatency,5
Pond2Fish1_CatchTime,1.489
Pond2Fish1_PondTime,9.73
Pond2Fish1_PondOutcome,12
Pond2Fish1_TotalOutcome,564
Pond2Fish1_TimeLeft,657.319
Type,RD
FishN,18
Fish,2
Pond2Fish2_FishType,blue
Pond2Fish2_FishLatency,5.454545454545454
Pond2Fish2_CatchTime,1.881
Pond2Fish2_PondTime,18.307
Pond2Fish2_PondOutcome,24
Pond2Fish2_TotalOutcome,576
Pond2Fish2_TimeLeft,648.742
Type,RD
FishN,18
Fish,3
Pond2Fish3_FishType,blue
Pond2Fish3_FishLatency,6
Pond2Fish3_CatchTime,1.617
Pond2Fish3_PondTime,27.342
Pond2Fish3_PondOutcome,36
Pond2Fish3_TotalOutcome,588
Pond2Fish3_TimeLeft,639.707
Type,RD
FishN,18
Fish,4
Pond2Fish4_FishType,blue
Pond2Fish4_FishLatency,6.666666666666667
Pond2Fish4_CatchTime,1.399
Pond2Fish4_PondTime,37.208
Pond2Fish4_PondOutcome,48
Pond2Fish4_TotalOutcome,600
Pond2Fish4_TimeLeft,629.841
Type,RD
FishN,18
Fish,5
Pond2Fish5_FishType,blue
Pond2Fish5_FishLatency,7.5
Pond2Fish5_CatchTime,1.164
Pond2Fish5_PondTime,48.171
Pond2Fish5_PondOutcome,60
Pond2Fish5_TotalOutcome,612
Pond2Fish5_TimeLeft,618.878
Type,RD
FishN,18
Fish,6
Pond2Fish6_FishType,blue
Pond2Fish6_FishLatency,8.571428571428571
Pond2Fish6_CatchTime,1.412
Pond2Fish6_PondTime,60.554
Pond2Fish6_PondOutcome,72
Pond2Fish6_TotalOutcome,624
Pond2Fish6_TimeLeft,606.495
Type,RD
FishN,18
Fish,7
Pond2Fish7_FishType,gray
Pond2Fish7_FishLatency,10
Pond2Fish7_CatchTime,1.587
Pond2Fish7_PondTime,74.939
Pond2Fish7_PondOutcome,74
Pond2Fish7_TotalOutcome,626
Pond2Fish7_TimeLeft,592.11
Type,RD
FishN,18
Fish,8
Pond2Fish8_FishType,blue
Pond2Fish8_FishLatency,12
Pond2Fish8_CatchTime,1.618
Pond2Fish8_PondTime,92.307
Pond2Fish8_PondOutcome,86
Pond2Fish8_TotalOutcome,638
Pond2Fish8_TimeLeft,574.742
Type,RD
FishN,18
Fish,9
Pond2Fish9_FishType,blue
Pond2Fish9_FishLatency,15
Pond2Fish9_CatchTime,1.279
Pond2Fish9_PondTime,114.672
Pond2Fish9_PondOutcome,98
Pond2Fish9_TotalOutcome,650
Pond2Fish9_TimeLeft,552.377
Type,RD
FishN,18
Fish,10
Pond2Fish10_FishType,blue
Pond2Fish10_FishLatency,20
Pond2Fish10_CatchTime,1.387
Pond2Fish10_PondTime,147.052
Pond2Fish10_PondOutcome,110
Pond2Fish10_TotalOutcome,662
Pond2Fish10_TimeLeft,519.997
PondEnd_LastFish,10
FishN,12
Type,RD
GiveUpTime,41.763
PondTime,188.415
TimeLeft,478.132
PondOutcome,110
TotalOutcome,662
PondStart,PondStart
PondIntroTime,12.733004339970648
Type,N
FishN,12
Fish,1
Pond7Fish1_FishType,green
Pond7Fish1_FishLatency,3.5294117647058822
Pond7Fish1_CatchTime,1.549
Pond7Fish1_PondTime,8.029
Pond7Fish1_PondOutcome,11
Pond7Fish1_TotalOutcome,673
Pond7Fish1_TimeLeft,456.726
Type,N
FishN,12
Fish,2
Pond7Fish2_FishType,green
Pond7Fish2_FishLatency,3.75
Pond7Fish2_CatchTime,1.276
Pond7Fish2_PondTime,14.404
Pond7Fish2_PondOutcome,22
Pond7Fish2_TotalOutcome,684
Pond7Fish2_TimeLeft,450.351
Type,N
FishN,12
Fish,3
Pond7Fish3_FishType,green
Pond7Fish3_FishLatency,4
Pond7Fish3_CatchTime,1.815
Pond7Fish3_PondTime,21.189
Pond7Fish3_PondOutcome,33
Pond7Fish3_TotalOutcome,695
Pond7Fish3_TimeLeft,443.566
Type,N
FishN,12
Fish,4
Pond7Fish4_FishType,green
Pond7Fish4_FishLatency,4.285714285714286
Pond7Fish4_CatchTime,1.807
Pond7Fish4_PondTime,28.288
Pond7Fish4_PondOutcome,44
Pond7Fish4_TotalOutcome,706
Pond7Fish4_TimeLeft,436.467
Type,N
FishN,12
Fish,5
Pond7Fish5_FishType,green
Pond7Fish5_FishLatency,4.615384615384615
Pond7Fish5_CatchTime,1.497
Pond7Fish5_PondTime,35.674
Pond7Fish5_PondOutcome,55
Pond7Fish5_TotalOutcome,717
Pond7Fish5_TimeLeft,429.081
Type,N
FishN,12
Fish,6
Pond7Fish6_FishType,green
Pond7Fish6_FishLatency,5
Pond7Fish6_CatchTime,1.474
Pond7Fish6_PondTime,43.519
Pond7Fish6_PondOutcome,66
Pond7Fish6_TotalOutcome,728
Pond7Fish6_TimeLeft,421.236
Type,N
FishN,12
Fish,7
Pond7Fish7_FishType,green
Pond7Fish7_FishLatency,5.454545454545454
Pond7Fish7_CatchTime,1.602
Pond7Fish7_PondTime,51.89
Pond7Fish7_PondOutcome,77
Pond7Fish7_TotalOutcome,739
Pond7Fish7_TimeLeft,412.865
Type,N
FishN,12
Fish,8
Pond7Fish8_FishType,green
Pond7Fish8_FishLatency,6
Pond7Fish8_CatchTime,1.501
Pond7Fish8_PondTime,60.954
Pond7Fish8_PondOutcome,88
Pond7Fish8_TotalOutcome,750
Pond7Fish8_TimeLeft,403.801
Type,N
FishN,12
Fish,9
Pond7Fish9_FishType,green
Pond7Fish9_FishLatency,6.666666666666667
Pond7Fish9_CatchTime,1.834
Pond7Fish9_PondTime,71.002
Pond7Fish9_PondOutcome,99
Pond7Fish9_TotalOutcome,761
Pond7Fish9_TimeLeft,393.753
Type,N
FishN,12
Fish,10
Pond7Fish10_FishType,green
Pond7Fish10_FishLatency,7.5
Pond7Fish10_CatchTime,1.269
Pond7Fish10_PondTime,81.953
Pond7Fish10_PondOutcome,110
Pond7Fish10_TotalOutcome,772
Pond7Fish10_TimeLeft,382.802
Type,N
FishN,12
Fish,11
Pond7Fish11_FishType,green
Pond7Fish11_FishLatency,8.571428571428571
Pond7Fish11_CatchTime,-1
Pond7Fish11_PondTime,94.401
Pond7Fish11_PondOutcome,110
Pond7Fish11_TotalOutcome,772
Pond7Fish11_TimeLeft,370.354
Type,N
FishN,12
Fish,12
Pond7Fish12_FishType,green
Pond7Fish12_FishLatency,10
Pond7Fish12_CatchTime,1.58
Pond7Fish12_PondTime,108.773
Pond7Fish12_PondOutcome,121
Pond7Fish12_TotalOutcome,783
Pond7Fish12_TimeLeft,355.982
Type,N
FishN,12
Fish,13
Pond7Fish13_FishType,green
Pond7Fish13_FishLatency,12
Pond7Fish13_CatchTime,1.353
Pond7Fish13_PondTime,126.169
Pond7Fish13_PondOutcome,132
Pond7Fish13_TotalOutcome,794
Pond7Fish13_TimeLeft,338.586
Type,N
FishN,12
Fish,14
Pond7Fish14_FishType,green
Pond7Fish14_FishLatency,15
Pond7Fish14_CatchTime,1.52
Pond7Fish14_PondTime,148.537
Pond7Fish14_PondOutcome,143
Pond7Fish14_TotalOutcome,805
Pond7Fish14_TimeLeft,316.218
Type,N
FishN,12
Fish,15
Pond7Fish15_FishType,green
Pond7Fish15_FishLatency,20
Pond7Fish15_CatchTime,1.711
Pond7Fish15_PondTime,180.916
Pond7Fish15_PondOutcome,154
Pond7Fish15_TotalOutcome,816
Pond7Fish15_TimeLeft,283.839
Type,N
FishN,12
Fish,16
Pond7Fish16_FishType,green
Pond7Fish16_FishLatency,30
Pond7Fish16_CatchTime,1.399
Pond7Fish16_PondTime,243.296
Pond7Fish16_PondOutcome,165
Pond7Fish16_TotalOutcome,827
Pond7Fish16_TimeLeft,221.459
Type,N
FishN,12
Fish,17
Pond7Fish17_FishType,green
Pond7Fish17_FishLatency,60
Pond7Fish17_CatchTime,1.415
Pond7Fish17_PondTime,245.682
Pond7Fish17_PondOutcome,176
Pond7Fish17_TotalOutcome,838
Pond7Fish17_TimeLeft,219.073
PondEnd_LastFish,17
FishN,17
Type,N
GiveUpTime,70.861
PondTime,316.172
TimeLeft,148.081
PondOutcome,176
TotalOutcome,838
PondStart,PondStart
PondIntroTime,10.172261230181903
Type,N
FishN,12
Fish,1
Pond5Fish1_FishType,green
Pond5Fish1_FishLatency,4
Pond5Fish1_CatchTime,1.395
Pond5Fish1_PondTime,8.564
Pond5Fish1_PondOutcome,11
Pond5Fish1_TotalOutcome,849
Pond5Fish1_TimeLeft,128.708
Type,N
FishN,12
Fish,2
Pond5Fish2_FishType,green
Pond5Fish2_FishLatency,4.285714285714286
Pond5Fish2_CatchTime,1.797
Pond5Fish2_PondTime,15.659
Pond5Fish2_PondOutcome,22
Pond5Fish2_TotalOutcome,860
Pond5Fish2_TimeLeft,121.613
Type,N
FishN,12
Fish,3
Pond5Fish3_FishType,green
Pond5Fish3_FishLatency,4.615384615384615
Pond5Fish3_CatchTime,1.387
Pond5Fish3_PondTime,23.041
Pond5Fish3_PondOutcome,33
Pond5Fish3_TotalOutcome,871
Pond5Fish3_TimeLeft,114.231
Type,N
FishN,12
Fish,4
Pond5Fish4_FishType,green
Pond5Fish4_FishLatency,5
Pond5Fish4_CatchTime,1.378
Pond5Fish4_PondTime,30.86
Pond5Fish4_PondOutcome,44
Pond5Fish4_TotalOutcome,882
Pond5Fish4_TimeLeft,106.412
Type,N
FishN,12
Fish,5
Pond5Fish5_FishType,green
Pond5Fish5_FishLatency,5.454545454545454
Pond5Fish5_CatchTime,1.308
Pond5Fish5_PondTime,39.243
Pond5Fish5_PondOutcome,55
Pond5Fish5_TotalOutcome,893
Pond5Fish5_TimeLeft,98.029
Type,N
FishN,12
Fish,6
Pond5Fish6_FishType,green
Pond5Fish6_FishLatency,6
Pond5Fish6_CatchTime,1.418
Pond5Fish6_PondTime,48.293
Pond5Fish6_PondOutcome,66
Pond5Fish6_TotalOutcome,904
Pond5Fish6_TimeLeft,88.979
Type,N
FishN,12
Fish,7
Pond5Fish7_FishType,green
Pond5Fish7_FishLatency,6.666666666666667
Pond5Fish7_CatchTime,1.395
Pond5Fish7_PondTime,58.176
Pond5Fish7_PondOutcome,77
Pond5Fish7_TotalOutcome,915
Pond5Fish7_TimeLeft,79.096
Type,N
FishN,12
Fish,8
Pond5Fish8_FishType,green
Pond5Fish8_FishLatency,7.5
Pond5Fish8_CatchTime,1.337
Pond5Fish8_PondTime,69.139
Pond5Fish8_PondOutcome,88
Pond5Fish8_TotalOutcome,926
Pond5Fish8_TimeLeft,68.133
Type,N
FishN,12
Fish,9
Pond5Fish9_FishType,green
Pond5Fish9_FishLatency,8.571428571428571
Pond5Fish9_CatchTime,1.357
Pond5Fish9_PondTime,81.514
Pond5Fish9_PondOutcome,99
Pond5Fish9_TotalOutcome,937
Pond5Fish9_TimeLeft,55.758
Type,N
FishN,12
Fish,10
Pond5Fish10_FishType,green
Pond5Fish10_FishLatency,10
Pond5Fish10_CatchTime,1.406
Pond5Fish10_PondTime,95.892
Pond5Fish10_PondOutcome,110
Pond5Fish10_TotalOutcome,948
Pond5Fish10_TimeLeft,41.38
Type,N
FishN,12
Fish,11
Pond5Fish11_FishType,green
Pond5Fish11_FishLatency,12
Pond5Fish11_CatchTime,1.688
Pond5Fish11_PondTime,113.255
Pond5Fish11_PondOutcome,121
Pond5Fish11_TotalOutcome,959
Pond5Fish11_TimeLeft,24.017
