,5bfac7cdd3ac000001bad5a0
PlayerDetails,5bfac7cdd3ac000001bad5a0
GameCompleted,finished
Selected ponds in the game,=======
Pond10_Type,RT
Pond10_#Fishes,19
Pond7_Type,RT
Pond7_#Fishes,13
Pond6_Type,RT
Pond6_#Fishes,14
Pond9_Type,N
Pond9_#Fishes,18
Pond12_Type,RD
Pond12_#Fishes,17
Pond1_Type,N
Pond1_#Fishes,18
Pond3_Type,RT
Pond3_#Fishes,19
GameTime,1200
FishVisibilityTime,2
SecondPerFishRatio,60
MissingThreshold,5
RD,GoldFish,Probability,0
RD,GoldFish,Outcome,20
RD,BlueFish,Probability,0.9
RD,BlueFish,Outcome,12
RD,GreenFish,Probability,0
RD,GreenFish,Outcome,11
RD,PurpleFish,Probability,0
RD,PurpleFish,Outcome,10
RD,GreyFish,Probability,0.1
RD,GreyFish,Outcome,2
RT,GoldFish,Probability,0.1
RT,GoldFish,Outcome,20
RT,BlueFish,Probability,0
RT,BlueFish,Outcome,12
RT,GreenFish,Probability,0
RT,GreenFish,Outcome,11
RT,PurpleFish,Probability,0.9
RT,PurpleFish,Outcome,10
RT,GreyFish,Probability,0
RT,GreyFish,Outcome,2
N,GoldFish,Probability,0
N,GoldFish,Outcome,20
N,BlueFish,Probability,0
N,BlueFish,Outcome,12
N,GreenFish,Probability,1
N,GreenFish,Outcome,11
N,PurpleFish,Probability,0
N,PurpleFish,Outcome,10
N,GreyFish,Probability,0
N,GreyFish,Outcome,2
Date:,Sat Jan 18 2020 10:35:23 GMT+0100 (közép-európai téli idő)
Type,RT
FishN,14
Fish,1
Pond10Fish1_FishType,purple
Pond10Fish1_FishLatency,3.1578947368421053
Pond10Fish1_CatchTime,1.715
Pond10Fish1_PondTime,7.718
Pond10Fish1_PondOutcome,10
Pond10Fish1_TotalOutcome,10
Pond10Fish1_TimeLeft,1194.677
Type,RT
FishN,14
Fish,2
Pond10Fish2_FishType,purple
Pond10Fish2_FishLatency,3.3333333333333335
Pond10Fish2_CatchTime,1.425
Pond10Fish2_PondTime,13.659
Pond10Fish2_PondOutcome,20
Pond10Fish2_TotalOutcome,20
Pond10Fish2_TimeLeft,1188.736
Type,RT
FishN,14
Fish,3
Pond10Fish3_FishType,purple
Pond10Fish3_FishLatency,3.5294117647058822
Pond10Fish3_CatchTime,1.599
Pond10Fish3_PondTime,19.784
Pond10Fish3_PondOutcome,30
Pond10Fish3_TotalOutcome,30
Pond10Fish3_TimeLeft,1182.611
Type,RT
FishN,14
Fish,4
Pond10Fish4_FishType,purple
Pond10Fish4_FishLatency,3.75
Pond10Fish4_CatchTime,1.531
Pond10Fish4_PondTime,26.181
Pond10Fish4_PondOutcome,40
Pond10Fish4_TotalOutcome,40
Pond10Fish4_TimeLeft,1176.214
Type,RT
FishN,14
Fish,5
Pond10Fish5_FishType,purple
Pond10Fish5_FishLatency,4
Pond10Fish5_CatchTime,1.924
Pond10Fish5_PondTime,33.091
Pond10Fish5_PondOutcome,50
Pond10Fish5_TotalOutcome,50
Pond10Fish5_TimeLeft,1169.304
Type,RT
FishN,14
Fish,6
Pond10Fish6_FishType,purple
Pond10Fish6_FishLatency,4.285714285714286
Pond10Fish6_CatchTime,1.596
Pond10Fish6_PondTime,40.096
Pond10Fish6_PondOutcome,60
Pond10Fish6_TotalOutcome,60
Pond10Fish6_TimeLeft,1162.299
Type,RT
FishN,14
Fish,7
Pond10Fish7_FishType,purple
Pond10Fish7_FishLatency,4.615384615384615
Pond10Fish7_CatchTime,1.823
Pond10Fish7_PondTime,47.593
Pond10Fish7_PondOutcome,70
Pond10Fish7_TotalOutcome,70
Pond10Fish7_TimeLeft,1154.802
Type,RT
FishN,14
Fish,8
Pond10Fish8_FishType,purple
Pond10Fish8_FishLatency,5
Pond10Fish8_CatchTime,1.395
Pond10Fish8_PondTime,55.419
Pond10Fish8_PondOutcome,80
Pond10Fish8_TotalOutcome,80
Pond10Fish8_TimeLeft,1146.976
Type,RT
FishN,14
Fish,9
Pond10Fish9_FishType,purple
Pond10Fish9_FishLatency,5.454545454545454
Pond10Fish9_CatchTime,1.585
Pond10Fish9_PondTime,63.791
Pond10Fish9_PondOutcome,90
Pond10Fish9_TotalOutcome,90
Pond10Fish9_TimeLeft,1138.604
Type,RT
FishN,14
Fish,10
Pond10Fish10_FishType,purple
Pond10Fish10_FishLatency,6
Pond10Fish10_CatchTime,1.506
Pond10Fish10_PondTime,72.837
Pond10Fish10_PondOutcome,100
Pond10Fish10_TotalOutcome,100
Pond10Fish10_TimeLeft,1129.558
Type,RT
FishN,14
Fish,11
Pond10Fish11_FishType,purple
Pond10Fish11_FishLatency,6.666666666666667
Pond10Fish11_CatchTime,1.679
Pond10Fish11_PondTime,82.759
Pond10Fish11_PondOutcome,110
Pond10Fish11_TotalOutcome,110
Pond10Fish11_TimeLeft,1119.636
Type,RT
FishN,14
Fish,12
Pond10Fish12_FishType,purple
Pond10Fish12_FishLatency,7.5
Pond10Fish12_CatchTime,1.401
Pond10Fish12_PondTime,93.707
Pond10Fish12_PondOutcome,120
Pond10Fish12_TotalOutcome,120
Pond10Fish12_TimeLeft,1108.688
Type,RT
FishN,14
Fish,13
Pond10Fish13_FishType,purple
Pond10Fish13_FishLatency,8.571428571428571
Pond10Fish13_CatchTime,1.621
Pond10Fish13_PondTime,106.079
Pond10Fish13_PondOutcome,130
Pond10Fish13_TotalOutcome,130
Pond10Fish13_TimeLeft,1096.316
Type,RT
FishN,14
Fish,14
Pond10Fish14_FishType,purple
Pond10Fish14_FishLatency,10
Pond10Fish14_CatchTime,1.423
Pond10Fish14_PondTime,120.496
Pond10Fish14_PondOutcome,140
Pond10Fish14_TotalOutcome,140
Pond10Fish14_TimeLeft,1081.899
Type,RT
FishN,14
Fish,15
Pond10Fish15_FishType,purple
Pond10Fish15_FishLatency,12
Pond10Fish15_CatchTime,1.475
Pond10Fish15_PondTime,137.899
Pond10Fish15_PondOutcome,150
Pond10Fish15_TotalOutcome,150
Pond10Fish15_TimeLeft,1064.496
PondEnd_LastFish,15
FishN,19
Type,RT
GiveUpTime,2.323
PondTime,139.908
TimeLeft,1061.974
PondOutcome,150
TotalOutcome,150
PondStart,PondStart
PondIntroTime,15.102137890644372
Type,RT
FishN,12
Fish,1
Pond7Fish1_FishType,purple
Pond7Fish1_FishLatency,4.615384615384615
Pond7Fish1_CatchTime,-1
Pond7Fish1_PondTime,9.348
Pond7Fish1_PondOutcome,0
Pond7Fish1_TotalOutcome,150
Pond7Fish1_TimeLeft,1036.855
Type,RT
FishN,12
Fish,2
Pond7Fish2_FishType,golden
Pond7Fish2_FishLatency,5
Pond7Fish2_CatchTime,1.299
Pond7Fish2_PondTime,17.216
Pond7Fish2_PondOutcome,20
Pond7Fish2_TotalOutcome,170
Pond7Fish2_TimeLeft,1028.987
Type,RT
FishN,12
Fish,3
Pond7Fish3_FishType,purple
Pond7Fish3_FishLatency,5.454545454545454
Pond7Fish3_CatchTime,1.447
Pond7Fish3_PondTime,25.598
Pond7Fish3_PondOutcome,30
Pond7Fish3_TotalOutcome,180
Pond7Fish3_TimeLeft,1020.605
Type,RT
FishN,12
Fish,4
Pond7Fish4_FishType,purple
Pond7Fish4_FishLatency,6
Pond7Fish4_CatchTime,1.577
Pond7Fish4_PondTime,34.631
Pond7Fish4_PondOutcome,40
Pond7Fish4_TotalOutcome,190
Pond7Fish4_TimeLeft,1011.572
Type,RT
FishN,12
Fish,5
Pond7Fish5_FishType,purple
Pond7Fish5_FishLatency,6.666666666666667
Pond7Fish5_CatchTime,1.669
Pond7Fish5_PondTime,44.52
Pond7Fish5_PondOutcome,50
Pond7Fish5_TotalOutcome,200
Pond7Fish5_TimeLeft,1001.682
Type,RT
FishN,12
Fish,6
Pond7Fish6_FishType,purple
Pond7Fish6_FishLatency,7.5
Pond7Fish6_CatchTime,1.511
Pond7Fish6_PondTime,55.496
Pond7Fish6_PondOutcome,60
Pond7Fish6_TotalOutcome,210
Pond7Fish6_TimeLeft,990.707
Type,RT
FishN,12
Fish,7
Pond7Fish7_FishType,purple
Pond7Fish7_FishLatency,8.571428571428571
Pond7Fish7_CatchTime,1.579
Pond7Fish7_PondTime,67.912
Pond7Fish7_PondOutcome,70
Pond7Fish7_TotalOutcome,220
Pond7Fish7_TimeLeft,978.291
Type,RT
FishN,12
Fish,8
Pond7Fish8_FishType,purple
Pond7Fish8_FishLatency,10
Pond7Fish8_CatchTime,1.373
Pond7Fish8_PondTime,82.314
Pond7Fish8_PondOutcome,80
Pond7Fish8_TotalOutcome,230
Pond7Fish8_TimeLeft,963.889
Type,RT
FishN,12
Fish,9
Pond7Fish9_FishType,purple
Pond7Fish9_FishLatency,12
Pond7Fish9_CatchTime,1.374
Pond7Fish9_PondTime,99.688
Pond7Fish9_PondOutcome,90
Pond7Fish9_TotalOutcome,240
Pond7Fish9_TimeLeft,946.515
Type,RT
FishN,12
Fish,10
Pond7Fish10_FishType,purple
Pond7Fish10_FishLatency,15
Pond7Fish10_CatchTime,1.793
Pond7Fish10_PondTime,122.167
Pond7Fish10_PondOutcome,100
Pond7Fish10_TotalOutcome,250
Pond7Fish10_TimeLeft,924.036
Type,RT
FishN,12
Fish,11
Pond7Fish11_FishType,purple
Pond7Fish11_FishLatency,20
Pond7Fish11_CatchTime,1.547
Pond7Fish11_PondTime,154.544
Pond7Fish11_PondOutcome,110
Pond7Fish11_TotalOutcome,260
Pond7Fish11_TimeLeft,891.659
Type,RT
FishN,12
Fish,12
Pond7Fish12_FishType,purple
Pond7Fish12_FishLatency,30
Pond7Fish12_CatchTime,1.449
Pond7Fish12_PondTime,216.914
Pond7Fish12_PondOutcome,120
Pond7Fish12_TotalOutcome,270
Pond7Fish12_TimeLeft,829.288
Type,RT
FishN,12
Fish,13
Pond7Fish13_FishType,purple
Pond7Fish13_FishLatency,60
Pond7Fish13_CatchTime,1.278
Pond7Fish13_PondTime,219.29
Pond7Fish13_PondOutcome,130
Pond7Fish13_TotalOutcome,280
Pond7Fish13_TimeLeft,826.912
PondEnd_LastFish,13
FishN,13
Type,RT
GiveUpTime,83.856
PondTime,302.63
TimeLeft,743.06
PondOutcome,130
TotalOutcome,280
PondStart,PondStart
PondIntroTime,15.833445745520294
Type,RT
FishN,15
Fish,1
Pond6Fish1_FishType,purple
Pond6Fish1_FishLatency,4.285714285714286
Pond6Fish1_CatchTime,1.487
Pond6Fish1_PondTime,8.924
Pond6Fish1_PondOutcome,10
Pond6Fish1_TotalOutcome,290
Pond6Fish1_TimeLeft,717.611
Type,RT
FishN,15
Fish,2
Pond6Fish2_FishType,purple
Pond6Fish2_FishLatency,4.615384615384615
Pond6Fish2_CatchTime,1.582
Pond6Fish2_PondTime,16.327
Pond6Fish2_PondOutcome,20
Pond6Fish2_TotalOutcome,300
Pond6Fish2_TimeLeft,710.208
Type,RT
FishN,15
Fish,3
Pond6Fish3_FishType,purple
Pond6Fish3_FishLatency,5
Pond6Fish3_CatchTime,1.687
Pond6Fish3_PondTime,24.159
Pond6Fish3_PondOutcome,30
Pond6Fish3_TotalOutcome,310
Pond6Fish3_TimeLeft,702.376
Type,RT
FishN,15
Fish,4
Pond6Fish4_FishType,purple
Pond6Fish4_FishLatency,5.454545454545454
Pond6Fish4_CatchTime,1.4
Pond6Fish4_PondTime,32.518
Pond6Fish4_PondOutcome,40
Pond6Fish4_TotalOutcome,320
Pond6Fish4_TimeLeft,694.017
Type,RT
FishN,15
Fish,5
Pond6Fish5_FishType,purple
Pond6Fish5_FishLatency,6
Pond6Fish5_CatchTime,1.518
Pond6Fish5_PondTime,41.562
Pond6Fish5_PondOutcome,50
Pond6Fish5_TotalOutcome,330
Pond6Fish5_TimeLeft,684.973
Type,RT
FishN,15
Fish,6
Pond6Fish6_FishType,purple
Pond6Fish6_FishLatency,6.666666666666667
Pond6Fish6_CatchTime,1.473
Pond6Fish6_PondTime,51.478
Pond6Fish6_PondOutcome,60
Pond6Fish6_TotalOutcome,340
Pond6Fish6_TimeLeft,675.057
Type,RT
FishN,15
Fish,7
Pond6Fish7_FishType,purple
Pond6Fish7_FishLatency,7.5
Pond6Fish7_CatchTime,1.761
Pond6Fish7_PondTime,62.489
Pond6Fish7_PondOutcome,70
Pond6Fish7_TotalOutcome,350
Pond6Fish7_TimeLeft,664.046
Type,RT
FishN,15
Fish,8
Pond6Fish8_FishType,purple
Pond6Fish8_FishLatency,8.571428571428571
Pond6Fish8_CatchTime,1.469
Pond6Fish8_PondTime,74.866
Pond6Fish8_PondOutcome,80
Pond6Fish8_TotalOutcome,360
Pond6Fish8_TimeLeft,651.669
Type,RT
FishN,15
Fish,9
Pond6Fish9_FishType,purple
Pond6Fish9_FishLatency,10
Pond6Fish9_CatchTime,0.224
Pond6Fish9_PondTime,89.24
Pond6Fish9_PondOutcome,90
Pond6Fish9_TotalOutcome,370
Pond6Fish9_TimeLeft,637.295
Type,RT
FishN,15
Fish,10
Pond6Fish10_FishType,purple
Pond6Fish10_FishLatency,12
Pond6Fish10_CatchTime,1.235
Pond6Fish10_PondTime,106.627
Pond6Fish10_PondOutcome,100
Pond6Fish10_TotalOutcome,380
Pond6Fish10_TimeLeft,619.908
Type,RT
FishN,15
Fish,11
Pond6Fish11_FishType,purple
Pond6Fish11_FishLatency,15
Pond6Fish11_CatchTime,1.137
Pond6Fish11_PondTime,128.994
Pond6Fish11_PondOutcome,110
Pond6Fish11_TotalOutcome,390
Pond6Fish11_TimeLeft,597.541
Type,RT
FishN,15
Fish,12
Pond6Fish12_FishType,purple
Pond6Fish12_FishLatency,20
Pond6Fish12_CatchTime,1.616
Pond6Fish12_PondTime,161.381
Pond6Fish12_PondOutcome,120
Pond6Fish12_TotalOutcome,400
Pond6Fish12_TimeLeft,565.154
PondEnd_LastFish,12
FishN,14
Type,RT
GiveUpTime,39.957
PondTime,201.16
TimeLeft,524.867
PondOutcome,120
TotalOutcome,400
PondStart,PondStart
PondIntroTime,12.662434305530041
Type,N
FishN,15
Fish,1
Pond9Fish1_FishType,green
Pond9Fish1_FishLatency,3.3333333333333335
Pond9Fish1_CatchTime,1.262
Pond9Fish1_PondTime,7.915
Pond9Fish1_PondOutcome,11
Pond9Fish1_TotalOutcome,411
Pond9Fish1_TimeLeft,503.601
Type,N
FishN,15
Fish,2
Pond9Fish2_FishType,green
Pond9Fish2_FishLatency,3.5294117647058822
Pond9Fish2_CatchTime,1.347
Pond9Fish2_PondTime,14.024
Pond9Fish2_PondOutcome,22
Pond9Fish2_TotalOutcome,422
Pond9Fish2_TimeLeft,497.492
Type,N
FishN,15
Fish,3
Pond9Fish3_FishType,green
Pond9Fish3_FishLatency,3.75
Pond9Fish3_CatchTime,1.32
Pond9Fish3_PondTime,20.437
Pond9Fish3_PondOutcome,33
Pond9Fish3_TotalOutcome,433
Pond9Fish3_TimeLeft,491.079
Type,N
FishN,15
Fish,4
Pond9Fish4_FishType,green
Pond9Fish4_FishLatency,4
Pond9Fish4_CatchTime,1.574
Pond9Fish4_PondTime,27.122
Pond9Fish4_PondOutcome,44
Pond9Fish4_TotalOutcome,444
Pond9Fish4_TimeLeft,484.394
Type,N
FishN,15
Fish,5
Pond9Fish5_FishType,green
Pond9Fish5_FishLatency,4.285714285714286
Pond9Fish5_CatchTime,-1
Pond9Fish5_PondTime,34.186
Pond9Fish5_PondOutcome,44
Pond9Fish5_TotalOutcome,444
Pond9Fish5_TimeLeft,477.33
Type,N
FishN,15
Fish,6
Pond9Fish6_FishType,green
Pond9Fish6_FishLatency,4.615384615384615
Pond9Fish6_CatchTime,1.522
Pond9Fish6_PondTime,41.57
Pond9Fish6_PondOutcome,55
Pond9Fish6_TotalOutcome,455
Pond9Fish6_TimeLeft,469.946
Type,N
FishN,15
Fish,7
Pond9Fish7_FishType,green
Pond9Fish7_FishLatency,5
Pond9Fish7_CatchTime,1.386
Pond9Fish7_PondTime,49.399
Pond9Fish7_PondOutcome,66
Pond9Fish7_TotalOutcome,466
Pond9Fish7_TimeLeft,462.116
Type,N
FishN,15
Fish,8
Pond9Fish8_FishType,green
Pond9Fish8_FishLatency,5.454545454545454
Pond9Fish8_CatchTime,0.346
Pond9Fish8_PondTime,57.769
Pond9Fish8_PondOutcome,77
Pond9Fish8_TotalOutcome,477
Pond9Fish8_TimeLeft,453.747
Type,N
FishN,15
Fish,9
Pond9Fish9_FishType,green
Pond9Fish9_FishLatency,6
Pond9Fish9_CatchTime,1.489
Pond9Fish9_PondTime,66.817
Pond9Fish9_PondOutcome,88
Pond9Fish9_TotalOutcome,488
Pond9Fish9_TimeLeft,444.699
Type,N
FishN,15
Fish,10
Pond9Fish10_FishType,green
Pond9Fish10_FishLatency,6.666666666666667
Pond9Fish10_CatchTime,1.482
Pond9Fish10_PondTime,76.689
Pond9Fish10_PondOutcome,99
Pond9Fish10_TotalOutcome,499
Pond9Fish10_TimeLeft,434.827
Type,N
FishN,15
Fish,11
Pond9Fish11_FishType,green
Pond9Fish11_FishLatency,7.5
Pond9Fish11_CatchTime,1.583
Pond9Fish11_PondTime,87.628
Pond9Fish11_PondOutcome,110
Pond9Fish11_TotalOutcome,510
Pond9Fish11_TimeLeft,423.888
Type,N
FishN,15
Fish,12
Pond9Fish12_FishType,green
Pond9Fish12_FishLatency,8.571428571428571
Pond9Fish12_CatchTime,1.259
Pond9Fish12_PondTime,100.016
Pond9Fish12_PondOutcome,121
Pond9Fish12_TotalOutcome,521
Pond9Fish12_TimeLeft,411.5
Type,N
FishN,15
Fish,13
Pond9Fish13_FishType,green
Pond9Fish13_FishLatency,10
Pond9Fish13_CatchTime,1.607
Pond9Fish13_PondTime,114.417
Pond9Fish13_PondOutcome,132
Pond9Fish13_TotalOutcome,532
Pond9Fish13_TimeLeft,397.099
Type,N
FishN,15
Fish,14
Pond9Fish14_FishType,green
Pond9Fish14_FishLatency,12
Pond9Fish14_CatchTime,1.346
Pond9Fish14_PondTime,131.796
Pond9Fish14_PondOutcome,143
Pond9Fish14_TotalOutcome,543
Pond9Fish14_TimeLeft,379.72
Type,N
FishN,15
Fish,15
Pond9Fish15_FishType,green
Pond9Fish15_FishLatency,15
Pond9Fish15_CatchTime,1.612
Pond9Fish15_PondTime,154.164
Pond9Fish15_PondOutcome,154
Pond9Fish15_TotalOutcome,554
Pond9Fish15_TimeLeft,357.352
PondEnd_LastFish,15
FishN,18
Type,N
GiveUpTime,1.33
PondTime,155.319
TimeLeft,355.692
PondOutcome,154
TotalOutcome,554
PondStart,PondStart
PondIntroTime,10.615000233519822
Type,RD
FishN,18
Fish,1
Pond12Fish1_FishType,blue
Pond12Fish1_FishLatency,3.5294117647058822
Pond12Fish1_CatchTime,1.392
Pond12Fish1_PondTime,8.072
Pond12Fish1_PondOutcome,12
Pond12Fish1_TotalOutcome,566
Pond12Fish1_TimeLeft,336.351
Type,RD
FishN,18
Fish,2
Pond12Fish2_FishType,blue
Pond12Fish2_FishLatency,3.75
Pond12Fish2_CatchTime,1.277
Pond12Fish2_PondTime,14.46
Pond12Fish2_PondOutcome,24
Pond12Fish2_TotalOutcome,578
Pond12Fish2_TimeLeft,329.963
Type,RD
FishN,18
Fish,3
Pond12Fish3_FishType,gray
Pond12Fish3_FishLatency,4
Pond12Fish3_CatchTime,1.495
Pond12Fish3_PondTime,21.116
Pond12Fish3_PondOutcome,26
Pond12Fish3_TotalOutcome,580
Pond12Fish3_TimeLeft,323.307
Type,RD
FishN,18
Fish,4
Pond12Fish4_FishType,blue
Pond12Fish4_FishLatency,4.285714285714286
Pond12Fish4_CatchTime,1.255
Pond12Fish4_PondTime,28.132
Pond12Fish4_PondOutcome,38
Pond12Fish4_TotalOutcome,592
Pond12Fish4_TimeLeft,316.291
Type,RD
FishN,18
Fish,5
Pond12Fish5_FishType,blue
Pond12Fish5_FishLatency,4.615384615384615
Pond12Fish5_CatchTime,1.348
Pond12Fish5_PondTime,35.515
Pond12Fish5_PondOutcome,50
Pond12Fish5_TotalOutcome,604
Pond12Fish5_TimeLeft,308.908
Type,RD
FishN,18
Fish,6
Pond12Fish6_FishType,gray
Pond12Fish6_FishLatency,5
Pond12Fish6_CatchTime,1.355
Pond12Fish6_PondTime,43.344
Pond12Fish6_PondOutcome,52
Pond12Fish6_TotalOutcome,606
Pond12Fish6_TimeLeft,301.079
Type,RD
FishN,18
Fish,7
Pond12Fish7_FishType,blue
Pond12Fish7_FishLatency,5.454545454545454
Pond12Fish7_CatchTime,1.309
Pond12Fish7_PondTime,51.716
Pond12Fish7_PondOutcome,64
Pond12Fish7_TotalOutcome,618
Pond12Fish7_TimeLeft,292.706
Type,RD
FishN,18
Fish,8
Pond12Fish8_FishType,blue
Pond12Fish8_FishLatency,6
Pond12Fish8_CatchTime,1.731
Pond12Fish8_PondTime,60.817
Pond12Fish8_PondOutcome,76
Pond12Fish8_TotalOutcome,630
Pond12Fish8_TimeLeft,283.606
Type,RD
FishN,18
Fish,9
Pond12Fish9_FishType,blue
Pond12Fish9_FishLatency,6.666666666666667
Pond12Fish9_CatchTime,1.409
Pond12Fish9_PondTime,70.7
Pond12Fish9_PondOutcome,88
Pond12Fish9_TotalOutcome,642
Pond12Fish9_TimeLeft,273.722
Type,RD
FishN,18
Fish,10
Pond12Fish10_FishType,blue
Pond12Fish10_FishLatency,7.5
Pond12Fish10_CatchTime,1.397
Pond12Fish10_PondTime,81.643
Pond12Fish10_PondOutcome,100
Pond12Fish10_TotalOutcome,654
Pond12Fish10_TimeLeft,262.78
Type,RD
FishN,18
Fish,11
Pond12Fish11_FishType,blue
Pond12Fish11_FishLatency,8.571428571428571
Pond12Fish11_CatchTime,0.314
Pond12Fish11_PondTime,94.047
Pond12Fish11_PondOutcome,112
Pond12Fish11_TotalOutcome,666
Pond12Fish11_TimeLeft,250.376
Type,RD
FishN,18
Fish,12
Pond12Fish12_FishType,blue
Pond12Fish12_FishLatency,10
Pond12Fish12_CatchTime,1.734
Pond12Fish12_PondTime,108.491
Pond12Fish12_PondOutcome,124
Pond12Fish12_TotalOutcome,678
Pond12Fish12_TimeLeft,235.932
PondEnd_LastFish,12
FishN,17
Type,RD
GiveUpTime,3.466
PondTime,111.854
TimeLeft,232.063
PondOutcome,124
TotalOutcome,678
PondStart,PondStart
PondIntroTime,13.663570263888687
Type,N
FishN,18
Fish,1
Pond1Fish1_FishType,green
Pond1Fish1_FishLatency,3.3333333333333335
Pond1Fish1_CatchTime,1.67
Pond1Fish1_PondTime,7.85
Pond1Fish1_PondOutcome,11
Pond1Fish1_TotalOutcome,689
Pond1Fish1_TimeLeft,209.92
Type,N
FishN,18
Fish,2
Pond1Fish2_FishType,green
Pond1Fish2_FishLatency,3.5294117647058822
Pond1Fish2_CatchTime,1.335
Pond1Fish2_PondTime,13.977
Pond1Fish2_PondOutcome,22
Pond1Fish2_TotalOutcome,700
Pond1Fish2_TimeLeft,203.793
Type,N
FishN,18
Fish,3
Pond1Fish3_FishType,green
Pond1Fish3_FishLatency,3.75
Pond1Fish3_CatchTime,1.972
Pond1Fish3_PondTime,20.632
Pond1Fish3_PondOutcome,33
Pond1Fish3_TotalOutcome,711
Pond1Fish3_TimeLeft,197.138
Type,N
FishN,18
Fish,4
Pond1Fish4_FishType,green
Pond1Fish4_FishLatency,4
Pond1Fish4_CatchTime,1.342
Pond1Fish4_PondTime,27.331
Pond1Fish4_PondOutcome,44
Pond1Fish4_TotalOutcome,722
Pond1Fish4_TimeLeft,190.439
Type,N
FishN,18
Fish,5
Pond1Fish5_FishType,green
Pond1Fish5_FishLatency,4.285714285714286
Pond1Fish5_CatchTime,1.317
Pond1Fish5_PondTime,34.353
Pond1Fish5_PondOutcome,55
Pond1Fish5_TotalOutcome,733
Pond1Fish5_TimeLeft,183.417
Type,N
FishN,18
Fish,6
Pond1Fish6_FishType,green
Pond1Fish6_FishLatency,4.615384615384615
Pond1Fish6_CatchTime,1.295
Pond1Fish6_PondTime,41.723
Pond1Fish6_PondOutcome,66
Pond1Fish6_TotalOutcome,744
Pond1Fish6_TimeLeft,176.047
Type,N
FishN,18
Fish,7
Pond1Fish7_FishType,green
Pond1Fish7_FishLatency,5
Pond1Fish7_CatchTime,1.491
Pond1Fish7_PondTime,49.565
Pond1Fish7_PondOutcome,77
Pond1Fish7_TotalOutcome,755
Pond1Fish7_TimeLeft,168.204
Type,N
FishN,18
Fish,8
Pond1Fish8_FishType,green
Pond1Fish8_FishLatency,5.454545454545454
Pond1Fish8_CatchTime,1.405
Pond1Fish8_PondTime,57.933
Pond1Fish8_PondOutcome,88
Pond1Fish8_TotalOutcome,766
Pond1Fish8_TimeLeft,159.837
Type,N
FishN,18
Fish,9
Pond1Fish9_FishType,green
Pond1Fish9_FishLatency,6
Pond1Fish9_CatchTime,1.242
Pond1Fish9_PondTime,66.974
Pond1Fish9_PondOutcome,99
Pond1Fish9_TotalOutcome,777
Pond1Fish9_TimeLeft,150.796
Type,N
FishN,18
Fish,10
Pond1Fish10_FishType,green
Pond1Fish10_FishLatency,6.666666666666667
Pond1Fish10_CatchTime,1.235
Pond1Fish10_PondTime,76.873
Pond1Fish10_PondOutcome,110
Pond1Fish10_TotalOutcome,788
Pond1Fish10_TimeLeft,140.897
Type,N
FishN,18
Fish,11
Pond1Fish11_FishType,green
Pond1Fish11_FishLatency,7.5
Pond1Fish11_CatchTime,1.355
Pond1Fish11_PondTime,87.828
Pond1Fish11_PondOutcome,121
Pond1Fish11_TotalOutcome,799
Pond1Fish11_TimeLeft,129.942
Type,N
FishN,18
Fish,12
Pond1Fish12_FishType,green
Pond1Fish12_FishLatency,8.571428571428571
Pond1Fish12_CatchTime,1.532
Pond1Fish12_PondTime,100.202
Pond1Fish12_PondOutcome,132
Pond1Fish12_TotalOutcome,810
Pond1Fish12_TimeLeft,117.568
PondEnd_LastFish,12
FishN,18
Type,N
GiveUpTime,1.327
PondTime,101.276
TimeLeft,115.989
PondOutcome,132
TotalOutcome,810
PondStart,PondStart
PondIntroTime,18.60762672033161
Type,RT
FishN,18
Fish,1
Pond3Fish1_FishType,purple
Pond3Fish1_FishLatency,3.1578947368421053
Pond3Fish1_CatchTime,1.364
Pond3Fish1_PondTime,7.644
Pond3Fish1_PondOutcome,10
Pond3Fish1_TotalOutcome,820
Pond3Fish1_TimeLeft,89.102
Type,RT
FishN,18
Fish,2
Pond3Fish2_FishType,purple
Pond3Fish2_FishLatency,3.3333333333333335
Pond3Fish2_CatchTime,1.392
Pond3Fish2_PondTime,13.582
Pond3Fish2_PondOutcome,20
Pond3Fish2_TotalOutcome,830
Pond3Fish2_TimeLeft,83.164
Type,RT
FishN,18
Fish,3
Pond3Fish3_FishType,purple
Pond3Fish3_FishLatency,3.5294117647058822
Pond3Fish3_CatchTime,1.182
Pond3Fish3_PondTime,19.742
Pond3Fish3_PondOutcome,30
Pond3Fish3_TotalOutcome,840
Pond3Fish3_TimeLeft,77.004
Type,RT
FishN,18
Fish,4
Pond3Fish4_FishType,purple
Pond3Fish4_FishLatency,3.75
Pond3Fish4_CatchTime,1.366
Pond3Fish4_PondTime,26.122
Pond3Fish4_PondOutcome,40
Pond3Fish4_TotalOutcome,850
Pond3Fish4_TimeLeft,70.624
Type,RT
FishN,18
Fish,5
Pond3Fish5_FishType,purple
Pond3Fish5_FishLatency,4
Pond3Fish5_CatchTime,1.474
Pond3Fish5_PondTime,32.793
Pond3Fish5_PondOutcome,50
Pond3Fish5_TotalOutcome,860
Pond3Fish5_TimeLeft,63.952
Type,RT
FishN,18
Fish,6
Pond3Fish6_FishType,purple
Pond3Fish6_FishLatency,4.285714285714286
Pond3Fish6_CatchTime,1.62
Pond3Fish6_PondTime,39.775
Pond3Fish6_PondOutcome,60
Pond3Fish6_TotalOutcome,870
Pond3Fish6_TimeLeft,56.971
Type,RT
FishN,18
Fish,7
Pond3Fish7_FishType,purple
Pond3Fish7_FishLatency,4.615384615384615
Pond3Fish7_CatchTime,1.363
Pond3Fish7_PondTime,47.147
Pond3Fish7_PondOutcome,70
Pond3Fish7_TotalOutcome,880
Pond3Fish7_TimeLeft,49.599
Type,RT
FishN,18
Fish,8
Pond3Fish8_FishType,purple
Pond3Fish8_FishLatency,5
Pond3Fish8_CatchTime,1.542
Pond3Fish8_PondTime,54.975
Pond3Fish8_PondOutcome,80
Pond3Fish8_TotalOutcome,890
Pond3Fish8_TimeLeft,41.771
Type,RT
FishN,18
Fish,9
Pond3Fish9_FishType,purple
Pond3Fish9_FishLatency,5.454545454545454
Pond3Fish9_CatchTime,1.194
Pond3Fish9_PondTime,63.342
Pond3Fish9_PondOutcome,90
Pond3Fish9_TotalOutcome,900
Pond3Fish9_TimeLeft,33.404
Type,RT
FishN,18
Fish,10
Pond3Fish10_FishType,purple
Pond3Fish10_FishLatency,6
Pond3Fish10_CatchTime,1.158
Pond3Fish10_PondTime,72.39
Pond3Fish10_PondOutcome,100
Pond3Fish10_TotalOutcome,910
Pond3Fish10_TimeLeft,24.356
Type,RT
FishN,18
Fish,11
Pond3Fish11_FishType,purple
Pond3Fish11_FishLatency,6.666666666666667
Pond3Fish11_CatchTime,1.284
Pond3Fish11_PondTime,82.261
Pond3Fish11_PondOutcome,110
Pond3Fish11_TotalOutcome,920
Pond3Fish11_TimeLeft,14.485
Type,RT
FishN,18
Fish,12
Pond3Fish12_FishType,purple
Pond3Fish12_FishLatency,7.5
Pond3Fish12_CatchTime,1.362
Pond3Fish12_PondTime,93.198
Pond3Fish12_PondOutcome,120
Pond3Fish12_TotalOutcome,930
Pond3Fish12_TimeLeft,3.548
PondEnd_LastFish,12
FishN,19
Type,RT
GiveUpTime,1.179
PondTime,93.94
TimeLeft,2.301
PondOutcome,120
TotalOutcome,930
PondStart,PondStart
PondIntroTime,13.862257064320147
