,5c87fa88a341300016587b01
PlayerDetails,5c87fa88a341300016587b01
GameCompleted,finished
GameTime,1200
FishVisibilityTime,2
SecondPerFishRatio,60
MissingThreshold,5
RD_GoldFishProbability,0
RD_GoldFishOutcome,20
RD_BlueFishProbability,0.9
RD_BlueFishOutcome,12
RD_GreenFishProbability,0
RD_GreenFishOutcome,0
RD_PurpleFishProbability,0
RD_PurpleFishOutcome,10
RD_GreyFishProbability,0.1
RD_GreyFishOutcome,2
RT_GoldFishProbability,0.1
RT_GoldFishOutcome,20
RT_BlueFishProbability,0
RT_BlueFishOutcome,12
RT_GreenFishProbability,0
RT_GreenFishOutcome,0
RT_PurpleFishProbability,0.9
RT_PurpleFishOutcome,10
RT_GreyFishProbability,0
RT_GreyFishOutcome,2
N_GoldFishProbability,0
N_GoldFishOutcome,0
N_BlueFishProbability,0
N_BlueFishOutcome,0
N_GreenFishProbability,0
N_GreenFishOutcome,0
N_PurpleFishProbability,0
N_PurpleFishOutcome,0
N_GreyFishProbability,0
N_GreyFishOutcome,0
Pond1Type,RT
Pond1FishN,16
Pond2Type,RD
Pond2FishN,16
Pond3Type,RT
Pond3FishN,13
Pond4Type,RD
Pond4FishN,14
Pond5Type,RT
Pond5FishN,14
Pond6Type,RD
Pond6FishN,18
Pond7Type,RT
Pond7FishN,17
Pond8Type,RD
Pond8FishN,13
Pond9Type,RD
Pond9FishN,15
Pond10Type,RT
Pond10FishN,12
Pond11Type,RT
Pond11FishN,16
Pond12Type,RD
Pond12FishN,17
Date:,Sun Nov 10 2019 18:27:37 GMT+0100 (Central European Standard Time)
Pond11_Type,RT
Pond11Fish1_FishType,purple
Pond11Fish1_FishLatency,3.75
Pond11Fish1_CatchTime,1.36
Pond11Fish1_PondTime,5.862
Pond11Fish1_PondOutcome,10
Pond11Fish1_TotalOutcome,10
Pond11Fish1_TimeLeft,1194.135
Pond11_Type,RT
Pond11Fish2_FishType,purple
Pond11Fish2_FishLatency,4
Pond11Fish2_CatchTime,1.422
Pond11Fish2_PondTime,12.51
Pond11Fish2_PondOutcome,20
Pond11Fish2_TotalOutcome,20
Pond11Fish2_TimeLeft,1187.487
Pond11_Type,RT
Pond11Fish3_FishType,purple
Pond11Fish3_FishLatency,4.285714285714286
Pond11Fish3_CatchTime,1.209
Pond11Fish3_PondTime,19.493
Pond11Fish3_PondOutcome,30
Pond11Fish3_TotalOutcome,30
Pond11Fish3_TimeLeft,1180.505
Pond11_Type,RT
Pond11Fish4_FishType,purple
Pond11Fish4_FishLatency,4.615384615384615
Pond11Fish4_CatchTime,1.239
Pond11Fish4_PondTime,26.859
Pond11Fish4_PondOutcome,40
Pond11Fish4_TotalOutcome,40
Pond11Fish4_TimeLeft,1173.139
Pond11_Type,RT
Pond11Fish5_FishType,purple
Pond11Fish5_FishLatency,5
Pond11Fish5_CatchTime,1.529
Pond11Fish5_PondTime,34.674
Pond11Fish5_PondOutcome,50
Pond11Fish5_TotalOutcome,50
Pond11Fish5_TimeLeft,1165.324
Pond11_Type,RT
Pond11Fish6_FishType,purple
Pond11Fish6_FishLatency,5.454545454545454
Pond11Fish6_CatchTime,1.128
Pond11Fish6_PondTime,43.041
Pond11Fish6_PondOutcome,60
Pond11Fish6_TotalOutcome,60
Pond11Fish6_TimeLeft,1156.957
Pond11_Type,RT
Pond11Fish7_FishType,purple
Pond11Fish7_FishLatency,6
Pond11Fish7_CatchTime,1.158
Pond11Fish7_PondTime,52.073
Pond11Fish7_PondOutcome,70
Pond11Fish7_TotalOutcome,70
Pond11Fish7_TimeLeft,1147.925
Pond11_Type,RT
Pond11Fish8_FishType,purple
Pond11Fish8_FishLatency,6.666666666666667
Pond11Fish8_CatchTime,1.378
Pond11Fish8_PondTime,61.938
Pond11Fish8_PondOutcome,80
Pond11Fish8_TotalOutcome,80
Pond11Fish8_TimeLeft,1138.06
Pond11_Type,RT
Pond11Fish9_FishType,purple
Pond11Fish9_FishLatency,7.5
Pond11Fish9_CatchTime,1.37
Pond11Fish9_PondTime,72.872
Pond11Fish9_PondOutcome,90
Pond11Fish9_TotalOutcome,90
Pond11Fish9_TimeLeft,1127.126
Pond11_Type,RT
Pond11Fish10_FishType,purple
Pond11Fish10_FishLatency,8.571428571428571
Pond11Fish10_CatchTime,1.375
Pond11Fish10_PondTime,85.235
Pond11Fish10_PondOutcome,100
Pond11Fish10_TotalOutcome,100
Pond11Fish10_TimeLeft,1114.763
Pond11_Type,RT
Pond11Fish11_FishType,purple
Pond11Fish11_FishLatency,10
Pond11Fish11_CatchTime,1.286
Pond11Fish11_PondTime,99.6
Pond11Fish11_PondOutcome,110
Pond11Fish11_TotalOutcome,110
Pond11Fish11_TimeLeft,1100.397
Pond11_Type,RT
Pond11Fish12_FishType,purple
Pond11Fish12_FishLatency,12
Pond11Fish12_CatchTime,1.485
Pond11Fish12_PondTime,116.966
Pond11Fish12_PondOutcome,120
Pond11Fish12_TotalOutcome,120
Pond11Fish12_TimeLeft,1083.032
Pond11_GiveUpTime,17.057
Pond11_PondTime,134.12
Pond11_PondOutcome,120
Pond11_TotalOutcome,120
Pond11_TimeLeft,1065.877
Pond2IntroTime,18.617882400285453
Pond2_Type,RD
Pond2Fish1_FishType,blue
Pond2Fish1_FishLatency,3.75
Pond2Fish1_CatchTime,1.291
Pond2Fish1_PondTime,27.523
Pond2Fish1_PondOutcome,12
Pond2Fish1_TotalOutcome,132
Pond2Fish1_TimeLeft,1038.354
Pond2_Type,RD
Pond2Fish2_FishType,blue
Pond2Fish2_FishLatency,4
Pond2Fish2_CatchTime,1.567
Pond2Fish2_PondTime,34.173
Pond2Fish2_PondOutcome,24
Pond2Fish2_TotalOutcome,144
Pond2Fish2_TimeLeft,1031.704
Pond2_Type,RD
Pond2Fish3_FishType,blue
Pond2Fish3_FishLatency,4.285714285714286
Pond2Fish3_CatchTime,1.196
Pond2Fish3_PondTime,41.155
Pond2Fish3_PondOutcome,36
Pond2Fish3_TotalOutcome,156
Pond2Fish3_TimeLeft,1024.722
Pond2_Type,RD
Pond2Fish4_FishType,blue
Pond2Fish4_FishLatency,4.615384615384615
Pond2Fish4_CatchTime,1.313
Pond2Fish4_PondTime,48.521
Pond2Fish4_PondOutcome,48
Pond2Fish4_TotalOutcome,168
Pond2Fish4_TimeLeft,1017.356
Pond2_Type,RD
Pond2Fish5_FishType,blue
Pond2Fish5_FishLatency,5
Pond2Fish5_CatchTime,1.151
Pond2Fish5_PondTime,56.337
Pond2Fish5_PondOutcome,60
Pond2Fish5_TotalOutcome,180
Pond2Fish5_TimeLeft,1009.54
Pond2_Type,RD
Pond2Fish6_FishType,gray
Pond2Fish6_FishLatency,5.454545454545454
Pond2Fish6_CatchTime,1.659
Pond2Fish6_PondTime,64.718
Pond2Fish6_PondOutcome,62
Pond2Fish6_TotalOutcome,182
Pond2Fish6_TimeLeft,1001.159
Pond2_Type,RD
Pond2Fish7_FishType,blue
Pond2Fish7_FishLatency,6
Pond2Fish7_CatchTime,1.36
Pond2Fish7_PondTime,73.752
Pond2Fish7_PondOutcome,74
Pond2Fish7_TotalOutcome,194
Pond2Fish7_TimeLeft,992.125
Pond2_Type,RD
Pond2Fish8_FishType,blue
Pond2Fish8_FishLatency,6.666666666666667
Pond2Fish8_CatchTime,1.497
Pond2Fish8_PondTime,83.618
Pond2Fish8_PondOutcome,86
Pond2Fish8_TotalOutcome,206
Pond2Fish8_TimeLeft,982.259
Pond2_Type,RD
Pond2Fish9_FishType,blue
Pond2Fish9_FishLatency,7.5
Pond2Fish9_CatchTime,1.468
Pond2Fish9_PondTime,94.55
Pond2Fish9_PondOutcome,98
Pond2Fish9_TotalOutcome,218
Pond2Fish9_TimeLeft,971.327
Pond2_Type,RD
Pond2Fish10_FishType,blue
Pond2Fish10_FishLatency,8.571428571428571
Pond2Fish10_CatchTime,1.163
Pond2Fish10_PondTime,106.914
Pond2Fish10_PondOutcome,110
Pond2Fish10_TotalOutcome,230
Pond2Fish10_TimeLeft,958.963
Pond2_Type,RD
Pond2Fish11_FishType,blue
Pond2Fish11_FishLatency,10
Pond2Fish11_CatchTime,1.773
Pond2Fish11_PondTime,121.362
Pond2Fish11_PondOutcome,122
Pond2Fish11_TotalOutcome,242
Pond2Fish11_TimeLeft,944.515
Pond2_Type,RD
Pond2Fish12_FishType,blue
Pond2Fish12_FishLatency,12
Pond2Fish12_CatchTime,1.474
Pond2Fish12_PondTime,138.728
Pond2Fish12_PondOutcome,134
Pond2Fish12_TotalOutcome,254
Pond2Fish12_TimeLeft,927.149
Pond2_Type,RD
Pond2Fish13_FishType,blue
Pond2Fish13_FishLatency,15
Pond2Fish13_CatchTime,1.386
Pond2Fish13_PondTime,161.092
Pond2Fish13_PondOutcome,146
Pond2Fish13_TotalOutcome,266
Pond2Fish13_TimeLeft,904.785
Pond2_GiveUpTime,31.042
Pond2_PondTime,192.131
Pond2_PondOutcome,146
Pond2_TotalOutcome,266
Pond2_TimeLeft,873.746
Pond3IntroTime,17.892562625929713
Pond3_Type,RT
Pond3Fish1_FishType,golden
Pond3Fish1_FishLatency,4.615384615384615
Pond3Fish1_CatchTime,1.186
Pond3Fish1_PondTime,27.788
Pond3Fish1_PondOutcome,20
Pond3Fish1_TotalOutcome,286
Pond3Fish1_TimeLeft,845.958
Pond3_Type,RT
Pond3Fish2_FishType,purple
Pond3Fish2_FishLatency,5
Pond3Fish2_CatchTime,1.256
Pond3Fish2_PondTime,35.603
Pond3Fish2_PondOutcome,30
Pond3Fish2_TotalOutcome,296
Pond3Fish2_TimeLeft,838.143
Pond3_Type,RT
Pond3Fish3_FishType,purple
Pond3Fish3_FishLatency,5.454545454545454
Pond3Fish3_CatchTime,1.42
Pond3Fish3_PondTime,43.971
Pond3Fish3_PondOutcome,40
Pond3Fish3_TotalOutcome,306
Pond3Fish3_TimeLeft,829.775
Pond3_Type,RT
Pond3Fish4_FishType,purple
Pond3Fish4_FishLatency,6
Pond3Fish4_CatchTime,1.44
Pond3Fish4_PondTime,53.003
Pond3Fish4_PondOutcome,50
Pond3Fish4_TotalOutcome,316
Pond3Fish4_TimeLeft,820.743
Pond3_Type,RT
Pond3Fish5_FishType,purple
Pond3Fish5_FishLatency,6.666666666666667
Pond3Fish5_CatchTime,1.487
Pond3Fish5_PondTime,62.868
Pond3Fish5_PondOutcome,60
Pond3Fish5_TotalOutcome,326
Pond3Fish5_TimeLeft,810.878
Pond3_Type,RT
Pond3Fish6_FishType,purple
Pond3Fish6_FishLatency,7.5
Pond3Fish6_CatchTime,1.386
Pond3Fish6_PondTime,73.8
Pond3Fish6_PondOutcome,70
Pond3Fish6_TotalOutcome,336
Pond3Fish6_TimeLeft,799.946
Pond3_Type,RT
Pond3Fish7_FishType,purple
Pond3Fish7_FishLatency,8.571428571428571
Pond3Fish7_CatchTime,1.352
Pond3Fish7_PondTime,86.165
Pond3Fish7_PondOutcome,80
Pond3Fish7_TotalOutcome,346
Pond3Fish7_TimeLeft,787.581
Pond3_Type,RT
Pond3Fish8_FishType,purple
Pond3Fish8_FishLatency,10
Pond3Fish8_CatchTime,1.284
Pond3Fish8_PondTime,100.53
Pond3Fish8_PondOutcome,90
Pond3Fish8_TotalOutcome,356
Pond3Fish8_TimeLeft,773.216
Pond3_Type,RT
Pond3Fish9_FishType,purple
Pond3Fish9_FishLatency,12
Pond3Fish9_CatchTime,1.352
Pond3Fish9_PondTime,117.896
Pond3Fish9_PondOutcome,100
Pond3Fish9_TotalOutcome,366
Pond3Fish9_TimeLeft,755.85
Pond3_GiveUpTime,0.985
Pond3_PondTime,118.844
Pond3_PondOutcome,100
Pond3_TotalOutcome,366
Pond3_TimeLeft,754.901
Pond7IntroTime,12.755132254678756
Pond7_Type,RT
Pond7Fish1_FishType,purple
Pond7Fish1_FishLatency,3.5294117647058822
Pond7Fish1_CatchTime,1.187
Pond7Fish1_PondTime,21.413
Pond7Fish1_PondOutcome,10
Pond7Fish1_TotalOutcome,376
Pond7Fish1_TimeLeft,733.487
Pond7_Type,RT
Pond7Fish2_FishType,purple
Pond7Fish2_FishLatency,3.75
Pond7Fish2_CatchTime,1.496
Pond7Fish2_PondTime,27.781
Pond7Fish2_PondOutcome,20
Pond7Fish2_TotalOutcome,386
Pond7Fish2_TimeLeft,727.12
Pond7_Type,RT
Pond7Fish3_FishType,purple
Pond7Fish3_FishLatency,4
Pond7Fish3_CatchTime,1.453
Pond7Fish3_PondTime,34.43
Pond7Fish3_PondOutcome,30
Pond7Fish3_TotalOutcome,396
Pond7Fish3_TimeLeft,720.471
Pond7_Type,RT
Pond7Fish4_FishType,golden
Pond7Fish4_FishLatency,4.285714285714286
Pond7Fish4_CatchTime,1.169
Pond7Fish4_PondTime,41.413
Pond7Fish4_PondOutcome,50
Pond7Fish4_TotalOutcome,416
Pond7Fish4_TimeLeft,713.488
Pond7_Type,RT
Pond7Fish5_FishType,purple
Pond7Fish5_FishLatency,4.615384615384615
Pond7Fish5_CatchTime,2.008
Pond7Fish5_PondTime,48.843
Pond7Fish5_PondOutcome,60
Pond7Fish5_TotalOutcome,426
Pond7Fish5_TimeLeft,706.058
Pond7_Type,RT
Pond7Fish6_FishType,purple
Pond7Fish6_FishLatency,5
Pond7Fish6_CatchTime,1.291
Pond7Fish6_PondTime,56.663
Pond7Fish6_PondOutcome,70
Pond7Fish6_TotalOutcome,436
Pond7Fish6_TimeLeft,698.238
Pond7_Type,RT
Pond7Fish7_FishType,purple
Pond7Fish7_FishLatency,5.454545454545454
Pond7Fish7_CatchTime,1.221
Pond7Fish7_PondTime,65.026
Pond7Fish7_PondOutcome,80
Pond7Fish7_TotalOutcome,446
Pond7Fish7_TimeLeft,689.875
Pond7_Type,RT
Pond7Fish8_FishType,purple
Pond7Fish8_FishLatency,6
Pond7Fish8_CatchTime,1.374
Pond7Fish8_PondTime,74.059
Pond7Fish8_PondOutcome,90
Pond7Fish8_TotalOutcome,456
Pond7Fish8_TimeLeft,680.842
Pond7_Type,RT
Pond7Fish9_FishType,purple
Pond7Fish9_FishLatency,6.666666666666667
Pond7Fish9_CatchTime,1.25
Pond7Fish9_PondTime,83.924
Pond7Fish9_PondOutcome,100
Pond7Fish9_TotalOutcome,466
Pond7Fish9_TimeLeft,670.977
Pond7_Type,RT
Pond7Fish10_FishType,purple
Pond7Fish10_FishLatency,7.5
Pond7Fish10_CatchTime,1.256
Pond7Fish10_PondTime,94.856
Pond7Fish10_PondOutcome,110
Pond7Fish10_TotalOutcome,476
Pond7Fish10_TimeLeft,660.045
Pond7_Type,RT
Pond7Fish11_FishType,purple
Pond7Fish11_FishLatency,8.571428571428571
Pond7Fish11_CatchTime,1.178
Pond7Fish11_PondTime,107.221
Pond7Fish11_PondOutcome,120
Pond7Fish11_TotalOutcome,486
Pond7Fish11_TimeLeft,647.68
Pond7_GiveUpTime,0.853
Pond7_PondTime,107.856
Pond7_PondOutcome,120
Pond7_TotalOutcome,486
Pond7_TimeLeft,647.045
Pond1IntroTime,18.745861074421555
Pond1_Type,RT
Pond1Fish1_FishType,purple
Pond1Fish1_FishLatency,3.75
Pond1Fish1_CatchTime,1.393
Pond1Fish1_PondTime,27.68
Pond1Fish1_PondOutcome,10
Pond1Fish1_TotalOutcome,496
Pond1Fish1_TimeLeft,619.365
Pond1_Type,RT
Pond1Fish2_FishType,purple
Pond1Fish2_FishLatency,4
Pond1Fish2_CatchTime,1.431
Pond1Fish2_PondTime,34.329
Pond1Fish2_PondOutcome,20
Pond1Fish2_TotalOutcome,506
Pond1Fish2_TimeLeft,612.716
Pond1_Type,RT
Pond1Fish3_FishType,purple
Pond1Fish3_FishLatency,4.285714285714286
Pond1Fish3_CatchTime,1.635
Pond1Fish3_PondTime,41.31
Pond1Fish3_PondOutcome,30
Pond1Fish3_TotalOutcome,516
Pond1Fish3_TimeLeft,605.735
Pond1_Type,RT
Pond1Fish4_FishType,purple
Pond1Fish4_FishLatency,4.615384615384615
Pond1Fish4_CatchTime,1.405
Pond1Fish4_PondTime,48.677
Pond1Fish4_PondOutcome,40
Pond1Fish4_TotalOutcome,526
Pond1Fish4_TimeLeft,598.368
Pond1_Type,RT
Pond1Fish5_FishType,purple
Pond1Fish5_FishLatency,5
Pond1Fish5_CatchTime,1.306
Pond1Fish5_PondTime,56.492
Pond1Fish5_PondOutcome,50
Pond1Fish5_TotalOutcome,536
Pond1Fish5_TimeLeft,590.553
Pond1_Type,RT
Pond1Fish6_FishType,purple
Pond1Fish6_FishLatency,5.454545454545454
Pond1Fish6_CatchTime,1.22
Pond1Fish6_PondTime,64.858
Pond1Fish6_PondOutcome,60
Pond1Fish6_TotalOutcome,546
Pond1Fish6_TimeLeft,582.187
Pond1_Type,RT
Pond1Fish7_FishType,purple
Pond1Fish7_FishLatency,6
Pond1Fish7_CatchTime,1.555
Pond1Fish7_PondTime,73.891
Pond1Fish7_PondOutcome,70
Pond1Fish7_TotalOutcome,556
Pond1Fish7_TimeLeft,573.154
Pond1_Type,RT
Pond1Fish8_FishType,golden
Pond1Fish8_FishLatency,6.666666666666667
Pond1Fish8_CatchTime,1.552
Pond1Fish8_PondTime,83.756
Pond1Fish8_PondOutcome,90
Pond1Fish8_TotalOutcome,576
Pond1Fish8_TimeLeft,563.289
Pond1_Type,RT
Pond1Fish9_FishType,purple
Pond1Fish9_FishLatency,7.5
Pond1Fish9_CatchTime,1.278
Pond1Fish9_PondTime,94.687
Pond1Fish9_PondOutcome,100
Pond1Fish9_TotalOutcome,586
Pond1Fish9_TimeLeft,552.358
Pond1_Type,RT
Pond1Fish10_FishType,purple
Pond1Fish10_FishLatency,8.571428571428571
Pond1Fish10_CatchTime,1.385
Pond1Fish10_PondTime,107.054
Pond1Fish10_PondOutcome,110
Pond1Fish10_TotalOutcome,596
Pond1Fish10_TimeLeft,539.991
Pond1_GiveUpTime,1.229
Pond1_PondTime,108.28
Pond1_PondOutcome,110
Pond1_TotalOutcome,596
Pond1_TimeLeft,538.765
Pond4IntroTime,16.261735907755792
Pond4_Type,RD
Pond4Fish1_FishType,blue
Pond4Fish1_FishLatency,4.285714285714286
Pond4Fish1_CatchTime,1.44
Pond4Fish1_PondTime,25.771
Pond4Fish1_PondOutcome,12
Pond4Fish1_TotalOutcome,608
Pond4Fish1_TimeLeft,512.994
Pond4_Type,RD
Pond4Fish2_FishType,blue
Pond4Fish2_FishLatency,4.615384615384615
Pond4Fish2_CatchTime,1.526
Pond4Fish2_PondTime,33.138
Pond4Fish2_PondOutcome,24
Pond4Fish2_TotalOutcome,620
Pond4Fish2_TimeLeft,505.627
Pond4_Type,RD
Pond4Fish3_FishType,blue
Pond4Fish3_FishLatency,5
Pond4Fish3_CatchTime,1.505
Pond4Fish3_PondTime,40.953
Pond4Fish3_PondOutcome,36
Pond4Fish3_TotalOutcome,632
Pond4Fish3_TimeLeft,497.812
Pond4_Type,RD
Pond4Fish4_FishType,blue
Pond4Fish4_FishLatency,5.454545454545454
Pond4Fish4_CatchTime,1.484
Pond4Fish4_PondTime,49.319
Pond4Fish4_PondOutcome,48
Pond4Fish4_TotalOutcome,644
Pond4Fish4_TimeLeft,489.446
Pond4_Type,RD
Pond4Fish5_FishType,blue
Pond4Fish5_FishLatency,6
Pond4Fish5_CatchTime,1.343
Pond4Fish5_PondTime,58.351
Pond4Fish5_PondOutcome,60
Pond4Fish5_TotalOutcome,656
Pond4Fish5_TimeLeft,480.414
Pond4_Type,RD
Pond4Fish6_FishType,blue
Pond4Fish6_FishLatency,6.666666666666667
Pond4Fish6_CatchTime,1.422
Pond4Fish6_PondTime,68.215
Pond4Fish6_PondOutcome,72
Pond4Fish6_TotalOutcome,668
Pond4Fish6_TimeLeft,470.55
Pond4_Type,RD
Pond4Fish7_FishType,blue
Pond4Fish7_FishLatency,7.5
Pond4Fish7_CatchTime,1.286
Pond4Fish7_PondTime,79.148
Pond4Fish7_PondOutcome,84
Pond4Fish7_TotalOutcome,680
Pond4Fish7_TimeLeft,459.617
Pond4_Type,RD
Pond4Fish8_FishType,blue
Pond4Fish8_FishLatency,8.571428571428571
Pond4Fish8_CatchTime,1.417
Pond4Fish8_PondTime,91.514
Pond4Fish8_PondOutcome,96
Pond4Fish8_TotalOutcome,692
Pond4Fish8_TimeLeft,447.251
Pond4_Type,RD
Pond4Fish9_FishType,blue
Pond4Fish9_FishLatency,10
Pond4Fish9_CatchTime,1.16
Pond4Fish9_PondTime,105.88
Pond4Fish9_PondOutcome,108
Pond4Fish9_TotalOutcome,704
Pond4Fish9_TimeLeft,432.885
Pond4_GiveUpTime,1.025
Pond4_PondTime,106.67
Pond4_PondOutcome,108
Pond4_TotalOutcome,704
Pond4_TimeLeft,432.095
Pond10IntroTime,17.723002925049514
Pond10_Type,RT
Pond10Fish1_FishType,purple
Pond10Fish1_FishLatency,5
Pond10Fish1_CatchTime,1.56
Pond10Fish1_PondTime,28.089
Pond10Fish1_PondOutcome,10
Pond10Fish1_TotalOutcome,714
Pond10Fish1_TimeLeft,404.006
Pond10_Type,RT
Pond10Fish2_FishType,purple
Pond10Fish2_FishLatency,5.454545454545454
Pond10Fish2_CatchTime,1.573
Pond10Fish2_PondTime,36.454
Pond10Fish2_PondOutcome,20
Pond10Fish2_TotalOutcome,724
Pond10Fish2_TimeLeft,395.641
Pond10_Type,RT
Pond10Fish3_FishType,purple
Pond10Fish3_FishLatency,6
Pond10Fish3_CatchTime,0.694
Pond10Fish3_PondTime,45.486
Pond10Fish3_PondOutcome,30
Pond10Fish3_TotalOutcome,734
Pond10Fish3_TimeLeft,386.609
Pond10_Type,RT
Pond10Fish4_FishType,purple
Pond10Fish4_FishLatency,6.666666666666667
Pond10Fish4_CatchTime,1.618
Pond10Fish4_PondTime,55.352
Pond10Fish4_PondOutcome,40
Pond10Fish4_TotalOutcome,744
Pond10Fish4_TimeLeft,376.743
Pond10_Type,RT
Pond10Fish5_FishType,purple
Pond10Fish5_FishLatency,7.5
Pond10Fish5_CatchTime,1.49
Pond10Fish5_PondTime,66.285
Pond10Fish5_PondOutcome,50
Pond10Fish5_TotalOutcome,754
Pond10Fish5_TimeLeft,365.81
Pond10_Type,RT
Pond10Fish6_FishType,purple
Pond10Fish6_FishLatency,8.571428571428571
Pond10Fish6_CatchTime,1.576
Pond10Fish6_PondTime,78.65
Pond10Fish6_PondOutcome,60
Pond10Fish6_TotalOutcome,764
Pond10Fish6_TimeLeft,353.445
Pond10_Type,RT
Pond10Fish7_FishType,purple
Pond10Fish7_FishLatency,10
Pond10Fish7_CatchTime,1.235
Pond10Fish7_PondTime,93.015
Pond10Fish7_PondOutcome,70
Pond10Fish7_TotalOutcome,774
Pond10Fish7_TimeLeft,339.08
Pond10_GiveUpTime,1.043
Pond10_PondTime,93.907
Pond10_PondOutcome,70
Pond10_TotalOutcome,774
Pond10_TimeLeft,338.188
Pond5IntroTime,16.532302158884704
Pond5_Type,RT
Pond5Fish1_FishType,purple
Pond5Fish1_FishLatency,4.285714285714286
Pond5Fish1_CatchTime,1.26
Pond5Fish1_PondTime,26.054
Pond5Fish1_PondOutcome,10
Pond5Fish1_TotalOutcome,784
Pond5Fish1_TimeLeft,312.133
Pond5_Type,RT
Pond5Fish2_FishType,purple
Pond5Fish2_FishLatency,4.615384615384615
Pond5Fish2_CatchTime,1.178
Pond5Fish2_PondTime,33.421
Pond5Fish2_PondOutcome,20
Pond5Fish2_TotalOutcome,794
Pond5Fish2_TimeLeft,304.767
Pond5_Type,RT
Pond5Fish3_FishType,purple
Pond5Fish3_FishLatency,5
Pond5Fish3_CatchTime,1.186
Pond5Fish3_PondTime,41.236
Pond5Fish3_PondOutcome,30
Pond5Fish3_TotalOutcome,804
Pond5Fish3_TimeLeft,296.952
Pond5_Type,RT
Pond5Fish4_FishType,purple
Pond5Fish4_FishLatency,5.454545454545454
Pond5Fish4_CatchTime,1.201
Pond5Fish4_PondTime,49.603
Pond5Fish4_PondOutcome,40
Pond5Fish4_TotalOutcome,814
Pond5Fish4_TimeLeft,288.584
Pond5_Type,RT
Pond5Fish5_FishType,golden
Pond5Fish5_FishLatency,6
Pond5Fish5_CatchTime,0.996
Pond5Fish5_PondTime,58.634
Pond5Fish5_PondOutcome,60
Pond5Fish5_TotalOutcome,834
Pond5Fish5_TimeLeft,279.554
Pond5_Type,RT
Pond5Fish6_FishType,purple
Pond5Fish6_FishLatency,6.666666666666667
Pond5Fish6_CatchTime,1.236
Pond5Fish6_PondTime,68.5
Pond5Fish6_PondOutcome,70
Pond5Fish6_TotalOutcome,844
Pond5Fish6_TimeLeft,269.688
Pond5_Type,RT
Pond5Fish7_FishType,purple
Pond5Fish7_FishLatency,7.5
Pond5Fish7_CatchTime,1.272
Pond5Fish7_PondTime,79.433
Pond5Fish7_PondOutcome,80
Pond5Fish7_TotalOutcome,854
Pond5Fish7_TimeLeft,258.755
Pond5_Type,RT
Pond5Fish8_FishType,purple
Pond5Fish8_FishLatency,8.571428571428571
Pond5Fish8_CatchTime,1.373
Pond5Fish8_PondTime,91.799
Pond5Fish8_PondOutcome,90
Pond5Fish8_TotalOutcome,864
Pond5Fish8_TimeLeft,246.389
Pond5_Type,RT
Pond5Fish9_FishType,purple
Pond5Fish9_FishLatency,10
Pond5Fish9_CatchTime,1.17
Pond5Fish9_PondTime,106.162
Pond5Fish9_PondOutcome,100
Pond5Fish9_TotalOutcome,874
Pond5Fish9_TimeLeft,232.026
Pond5_GiveUpTime,1.033
Pond5_PondTime,106.979
Pond5_PondOutcome,100
Pond5_TotalOutcome,874
Pond5_TimeLeft,231.209
Pond8IntroTime,15.68808404263109
Pond8_Type,RD
Pond8Fish1_FishType,blue
Pond8Fish1_FishLatency,4.615384615384615
Pond8Fish1_CatchTime,1.261
Pond8Fish1_PondTime,25.598
Pond8Fish1_PondOutcome,12
Pond8Fish1_TotalOutcome,886
Pond8Fish1_TimeLeft,205.611
Pond8_Type,RD
Pond8Fish2_FishType,blue
Pond8Fish2_FishLatency,5
Pond8Fish2_CatchTime,1.272
Pond8Fish2_PondTime,33.414
Pond8Fish2_PondOutcome,24
Pond8Fish2_TotalOutcome,898
Pond8Fish2_TimeLeft,197.794
Pond8_Type,RD
Pond8Fish3_FishType,blue
Pond8Fish3_FishLatency,5.454545454545454
Pond8Fish3_CatchTime,1.326
Pond8Fish3_PondTime,41.78
Pond8Fish3_PondOutcome,36
Pond8Fish3_TotalOutcome,910
Pond8Fish3_TimeLeft,189.429
Pond8_Type,RD
Pond8Fish4_FishType,blue
Pond8Fish4_FishLatency,6
Pond8Fish4_CatchTime,1.092
Pond8Fish4_PondTime,50.812
Pond8Fish4_PondOutcome,48
Pond8Fish4_TotalOutcome,922
Pond8Fish4_TimeLeft,180.397
Pond8_Type,RD
Pond8Fish5_FishType,blue
Pond8Fish5_FishLatency,6.666666666666667
Pond8Fish5_CatchTime,1.428
Pond8Fish5_PondTime,60.678
Pond8Fish5_PondOutcome,60
Pond8Fish5_TotalOutcome,934
Pond8Fish5_TimeLeft,170.531
Pond8_Type,RD
Pond8Fish6_FishType,blue
Pond8Fish6_FishLatency,7.5
Pond8Fish6_CatchTime,1.419
Pond8Fish6_PondTime,71.611
Pond8Fish6_PondOutcome,72
Pond8Fish6_TotalOutcome,946
Pond8Fish6_TimeLeft,159.598
Pond8_Type,RD
Pond8Fish7_FishType,gray
Pond8Fish7_FishLatency,8.571428571428571
Pond8Fish7_CatchTime,1.274
Pond8Fish7_PondTime,83.976
Pond8Fish7_PondOutcome,74
Pond8Fish7_TotalOutcome,948
Pond8Fish7_TimeLeft,147.233
Pond8_Type,RD
Pond8Fish8_FishType,blue
Pond8Fish8_FishLatency,10
Pond8Fish8_CatchTime,1.547
Pond8Fish8_PondTime,98.34
Pond8Fish8_PondOutcome,86
Pond8Fish8_TotalOutcome,960
Pond8Fish8_TimeLeft,132.869
Pond8_Type,RD
Pond8Fish9_FishType,blue
Pond8Fish9_FishLatency,12
Pond8Fish9_CatchTime,1.452
Pond8Fish9_PondTime,115.706
Pond8Fish9_PondOutcome,98
Pond8Fish9_TotalOutcome,972
Pond8Fish9_TimeLeft,115.503
Pond8_Type,RD
Pond8Fish10_FishType,blue
Pond8Fish10_FishLatency,15
Pond8Fish10_CatchTime,1.611
Pond8Fish10_PondTime,138.07
Pond8Fish10_PondOutcome,110
Pond8Fish10_TotalOutcome,984
Pond8Fish10_TimeLeft,93.139
Pond8_GiveUpTime,1.144
Pond8_PondTime,139.429
Pond8_PondOutcome,110
Pond8_TotalOutcome,984
Pond8_TimeLeft,91.78
Pond6IntroTime,16.735549019649625
Pond6_Type,RD
Pond6Fish1_FishType,blue
Pond6Fish1_FishLatency,3.3333333333333335
Pond6Fish1_CatchTime,1.551
Pond6Fish1_PondTime,25.17
Pond6Fish1_PondOutcome,12
Pond6Fish1_TotalOutcome,996
Pond6Fish1_TimeLeft,66.61
Pond6_Type,RD
Pond6Fish2_FishType,blue
Pond6Fish2_FishLatency,3.5294117647058822
Pond6Fish2_CatchTime,1.262
Pond6Fish2_PondTime,31.285
Pond6Fish2_PondOutcome,24
Pond6Fish2_TotalOutcome,1008
Pond6Fish2_TimeLeft,60.494
Pond6_Type,RD
Pond6Fish3_FishType,blue
Pond6Fish3_FishLatency,3.75
Pond6Fish3_CatchTime,1.218
Pond6Fish3_PondTime,37.652
Pond6Fish3_PondOutcome,36
Pond6Fish3_TotalOutcome,1020
Pond6Fish3_TimeLeft,54.128
Pond6_Type,RD
Pond6Fish4_FishType,blue
Pond6Fish4_FishLatency,4
Pond6Fish4_CatchTime,1.393
Pond6Fish4_PondTime,44.302
Pond6Fish4_PondOutcome,48
Pond6Fish4_TotalOutcome,1032
Pond6Fish4_TimeLeft,47.478
Pond6_Type,RD
Pond6Fish5_FishType,blue
Pond6Fish5_FishLatency,4.285714285714286
Pond6Fish5_CatchTime,1.203
Pond6Fish5_PondTime,51.286
Pond6Fish5_PondOutcome,60
Pond6Fish5_TotalOutcome,1044
Pond6Fish5_TimeLeft,40.494
Pond6_Type,RD
Pond6Fish6_FishType,blue
Pond6Fish6_FishLatency,4.615384615384615
Pond6Fish6_CatchTime,1.031
Pond6Fish6_PondTime,58.65
Pond6Fish6_PondOutcome,72
Pond6Fish6_TotalOutcome,1056
Pond6Fish6_TimeLeft,33.129
Pond6_Type,RD
Pond6Fish7_FishType,blue
Pond6Fish7_FishLatency,5
Pond6Fish7_CatchTime,1.147
Pond6Fish7_PondTime,66.466
Pond6Fish7_PondOutcome,84
Pond6Fish7_TotalOutcome,1068
Pond6Fish7_TimeLeft,25.314
Pond6_Type,RD
Pond6Fish8_FishType,blue
Pond6Fish8_FishLatency,5.454545454545454
Pond6Fish8_CatchTime,1.052
Pond6Fish8_PondTime,74.832
Pond6Fish8_PondOutcome,96
Pond6Fish8_TotalOutcome,1080
Pond6Fish8_TimeLeft,16.948
Pond6_Type,RD
Pond6Fish9_FishType,blue
Pond6Fish9_FishLatency,6
Pond6Fish9_CatchTime,1.174
Pond6Fish9_PondTime,83.865
Pond6Fish9_PondOutcome,108
Pond6Fish9_TotalOutcome,1092
Pond6Fish9_TimeLeft,7.915
