,5c28ca1570d93a00012139d0
PlayerDetails,5c28ca1570d93a00012139d0
GameCompleted,declined
Selected ponds in the game,=======
Pond12_Type,RT
Pond12_#Fishes,16
Pond2_Type,RT
Pond2_#Fishes,15
Pond4_Type,RT
Pond4_#Fishes,15
Pond3_Type,RT
Pond3_#Fishes,18
Pond10_Type,RT
Pond10_#Fishes,18
Pond7_Type,RT
Pond7_#Fishes,13
Pond5_Type,RT
Pond5_#Fishes,14
Pond11_Type,RT
Pond11_#Fishes,13
Pond6_Type,RT
Pond6_#Fishes,18
Pond9_Type,RT
Pond9_#Fishes,18
Pond1_Type,RT
Pond1_#Fishes,14
Pond8_Type,RT
Pond8_#Fishes,12
Pond11_Type,RT
Pond11_#Fishes,16
Pond1_Type,RT
Pond1_#Fishes,15
Pond2_Type,RT
Pond2_#Fishes,16
Pond7_Type,RT
Pond7_#Fishes,12
Pond4_Type,RT
Pond4_#Fishes,15
Pond10_Type,RT
Pond10_#Fishes,16
GameTime,1200
FishVisibilityTime,2
SecondPerFishRatio,60
MissingThreshold,5
RD,GoldFish,Probability,0
RD,GoldFish,Outcome,20
RD,BlueFish,Probability,0.9
RD,BlueFish,Outcome,12
RD,GreenFish,Probability,0
RD,GreenFish,Outcome,11
RD,PurpleFish,Probability,0
RD,PurpleFish,Outcome,10
RD,GreyFish,Probability,0.1
RD,GreyFish,Outcome,2
RT,GoldFish,Probability,0.1
RT,GoldFish,Outcome,20
RT,BlueFish,Probability,0
RT,BlueFish,Outcome,12
RT,GreenFish,Probability,0
RT,GreenFish,Outcome,11
RT,PurpleFish,Probability,0.9
RT,PurpleFish,Outcome,10
RT,GreyFish,Probability,0
RT,GreyFish,Outcome,2
N,GoldFish,Probability,0
N,GoldFish,Outcome,20
N,BlueFish,Probability,0
N,BlueFish,Outcome,12
N,GreenFish,Probability,1
N,GreenFish,Outcome,11
N,PurpleFish,Probability,0
N,PurpleFish,Outcome,10
N,GreyFish,Probability,0
N,GreyFish,Outcome,2
Date:,Tue Jan 14 2020 22:45:41 GMT-0800 (Pacific Standard Time)
Type,RT
FishN,12
Fish,2
Pond2Fish2_FishType,purple
Pond2Fish2_FishLatency,4
Pond2Fish2_CatchTime,1.252
Pond2Fish2_PondTime,8.61
Pond2Fish2_PondOutcome,10
Pond2Fish2_TotalOutcome,10
Pond2Fish2_TimeLeft,1193.79
Type,RT
FishN,12
Fish,2
Pond2Fish2_FishType,purple
Pond2Fish2_FishLatency,4
Pond2Fish2_CatchTime,-1
Pond2Fish2_PondTime,8.629
Pond2Fish2_PondOutcome,10
Pond2Fish2_TotalOutcome,10
Pond2Fish2_TimeLeft,1193.771
Type,RT
FishN,12
Fish,4
Pond2Fish4_FishType,purple
Pond2Fish4_FishLatency,4.615384615384615
Pond2Fish4_CatchTime,1.118
Pond2Fish4_PondTime,16.006
Pond2Fish4_PondOutcome,20
Pond2Fish4_TotalOutcome,20
Pond2Fish4_TimeLeft,1186.394
Type,RT
FishN,12
Fish,4
Pond2Fish4_FishType,purple
Pond2Fish4_FishLatency,4.615384615384615
Pond2Fish4_CatchTime,-1
Pond2Fish4_PondTime,16.006
Pond2Fish4_PondOutcome,20
Pond2Fish4_TotalOutcome,20
Pond2Fish4_TimeLeft,1186.394
Type,RT
FishN,12
Fish,6
Pond2Fish6_FishType,purple
Pond2Fish6_FishLatency,5.454545454545454
Pond2Fish6_CatchTime,0.961
Pond2Fish6_PondTime,24.378
Pond2Fish6_PondOutcome,30
Pond2Fish6_TotalOutcome,30
Pond2Fish6_TimeLeft,1178.022
Type,RT
FishN,12
Fish,6
Pond2Fish6_FishType,purple
Pond2Fish6_FishLatency,5.454545454545454
Pond2Fish6_CatchTime,-1
Pond2Fish6_PondTime,24.379
Pond2Fish6_PondOutcome,30
Pond2Fish6_TotalOutcome,30
Pond2Fish6_TimeLeft,1178.021
PondEnd_LastFish,6
FishN,15
Type,RT
GiveUpTime,2.886
PondTime,26.425
TimeLeft,1175.467
PondOutcome,30
TotalOutcome,30
PondStart,PondStart
PondIntroTime,12.849296957720071
Type,RT
FishN,17
Fish,1
Pond4Fish1_FishType,purple
Pond4Fish1_FishLatency,4
Pond4Fish1_CatchTime,0.819
Pond4Fish1_PondTime,8.598
Pond4Fish1_PondOutcome,10
Pond4Fish1_TotalOutcome,40
Pond4Fish1_TimeLeft,1153.378
Type,RT
FishN,17
Fish,2
Pond4Fish2_FishType,golden
Pond4Fish2_FishLatency,4.285714285714286
Pond4Fish2_CatchTime,0.772
Pond4Fish2_PondTime,15.606
Pond4Fish2_PondOutcome,30
Pond4Fish2_TotalOutcome,60
Pond4Fish2_TimeLeft,1146.37
Type,RT
FishN,17
Fish,3
Pond4Fish3_FishType,purple
Pond4Fish3_FishLatency,4.615384615384615
Pond4Fish3_CatchTime,0.817
Pond4Fish3_PondTime,22.987
Pond4Fish3_PondOutcome,40
Pond4Fish3_TotalOutcome,70
Pond4Fish3_TimeLeft,1138.988
Type,RT
FishN,17
Fish,4
Pond4Fish4_FishType,purple
Pond4Fish4_FishLatency,5
Pond4Fish4_CatchTime,0.717
Pond4Fish4_PondTime,30.841
Pond4Fish4_PondOutcome,50
Pond4Fish4_TotalOutcome,80
Pond4Fish4_TimeLeft,1131.134
PondEnd_LastFish,4
FishN,15
Type,RT
GiveUpTime,1.416
PondTime,31.175
TimeLeft,1130.29
PondOutcome,50
TotalOutcome,80
PondStart,PondStart
PondIntroTime,13.528334614820778
Type,RT
FishN,18
Fish,1
Pond3Fish1_FishType,purple
Pond3Fish1_FishLatency,3.3333333333333335
Pond3Fish1_CatchTime,0.787
Pond3Fish1_PondTime,7.818
Pond3Fish1_PondOutcome,10
Pond3Fish1_TotalOutcome,90
Pond3Fish1_TimeLeft,1108.325
Type,RT
FishN,18
Fish,2
Pond3Fish2_FishType,purple
Pond3Fish2_FishLatency,3.5294117647058822
Pond3Fish2_CatchTime,0.962
Pond3Fish2_PondTime,13.968
Pond3Fish2_PondOutcome,20
Pond3Fish2_TotalOutcome,100
Pond3Fish2_TimeLeft,1102.176
Type,RT
FishN,18
Fish,3
Pond3Fish3_FishType,purple
Pond3Fish3_FishLatency,3.75
Pond3Fish3_CatchTime,1.547
Pond3Fish3_PondTime,20.333
Pond3Fish3_PondOutcome,30
Pond3Fish3_TotalOutcome,110
Pond3Fish3_TimeLeft,1095.811
Type,RT
FishN,18
Fish,4
Pond3Fish4_FishType,purple
Pond3Fish4_FishLatency,4
Pond3Fish4_CatchTime,0.74
Pond3Fish4_PondTime,26.98
Pond3Fish4_PondOutcome,40
Pond3Fish4_TotalOutcome,120
Pond3Fish4_TimeLeft,1089.164
Type,RT
FishN,18
Fish,5
Pond3Fish5_FishType,purple
Pond3Fish5_FishLatency,4.285714285714286
Pond3Fish5_CatchTime,0.843
Pond3Fish5_PondTime,33.967
Pond3Fish5_PondOutcome,50
Pond3Fish5_TotalOutcome,130
Pond3Fish5_TimeLeft,1082.177
PondEnd_LastFish,5
FishN,18
Type,RT
GiveUpTime,0.964
PondTime,41.322
TimeLeft,1074.316
PondOutcome,50
TotalOutcome,130
PondStart,PondStart
PondIntroTime,15.429565368685871
Type,RT
FishN,16
Fish,1
Pond10Fish1_FishType,purple
Pond10Fish1_FishLatency,3.3333333333333335
Pond10Fish1_CatchTime,0.812
Pond10Fish1_PondTime,7.821
Pond10Fish1_PondOutcome,10
Pond10Fish1_TotalOutcome,140
Pond10Fish1_TimeLeft,1050.44
Type,RT
FishN,16
Fish,2
Pond10Fish2_FishType,golden
Pond10Fish2_FishLatency,3.5294117647058822
Pond10Fish2_CatchTime,0.748
Pond10Fish2_PondTime,13.939
Pond10Fish2_PondOutcome,30
Pond10Fish2_TotalOutcome,160
Pond10Fish2_TimeLeft,1044.322
Type,RT
FishN,16
Fish,3
Pond10Fish3_FishType,purple
Pond10Fish3_FishLatency,3.75
Pond10Fish3_CatchTime,1.072
Pond10Fish3_PondTime,20.32
Pond10Fish3_PondOutcome,40
Pond10Fish3_TotalOutcome,170
Pond10Fish3_TimeLeft,1037.941
Type,RT
FishN,16
Fish,4
Pond10Fish4_FishType,purple
Pond10Fish4_FishLatency,4
Pond10Fish4_CatchTime,0.918
Pond10Fish4_PondTime,26.992
Pond10Fish4_PondOutcome,50
Pond10Fish4_TotalOutcome,180
Pond10Fish4_TimeLeft,1031.269
Type,RT
FishN,16
Fish,5
Pond10Fish5_FishType,purple
Pond10Fish5_FishLatency,4.285714285714286
Pond10Fish5_CatchTime,1.333
Pond10Fish5_PondTime,33.989
Pond10Fish5_PondOutcome,60
Pond10Fish5_TotalOutcome,190
Pond10Fish5_TimeLeft,1024.272
Type,RT
FishN,16
Fish,6
Pond10Fish6_FishType,purple
Pond10Fish6_FishLatency,4.615384615384615
Pond10Fish6_CatchTime,1.077
Pond10Fish6_PondTime,41.359
Pond10Fish6_PondOutcome,70
Pond10Fish6_TotalOutcome,200
Pond10Fish6_TimeLeft,1016.902
Type,RT
FishN,16
Fish,7
Pond10Fish7_FishType,purple
Pond10Fish7_FishLatency,5
Pond10Fish7_CatchTime,0.639
Pond10Fish7_PondTime,49.227
Pond10Fish7_PondOutcome,80
Pond10Fish7_TotalOutcome,210
Pond10Fish7_TimeLeft,1009.034
Type,RT
FishN,16
Fish,8
Pond10Fish8_FishType,purple
Pond10Fish8_FishLatency,5.454545454545454
Pond10Fish8_CatchTime,1.282
Pond10Fish8_PondTime,57.635
Pond10Fish8_PondOutcome,90
Pond10Fish8_TotalOutcome,220
Pond10Fish8_TimeLeft,1000.626
Type,RT
FishN,16
Fish,9
Pond10Fish9_FishType,purple
Pond10Fish9_FishLatency,6
Pond10Fish9_CatchTime,1.231
Pond10Fish9_PondTime,66.69
Pond10Fish9_PondOutcome,100
Pond10Fish9_TotalOutcome,230
Pond10Fish9_TimeLeft,991.571
PondEnd_LastFish,9
FishN,18
Type,RT
GiveUpTime,1.153
PondTime,67.259
TimeLeft,990.491
PondOutcome,100
TotalOutcome,230
PondStart,PondStart
PondIntroTime,16.755299337673932
Type,RT
FishN,16
Fish,1
Pond7Fish1_FishType,purple
Pond7Fish1_FishLatency,4.615384615384615
Pond7Fish1_CatchTime,0.942
Pond7Fish1_PondTime,9.303
Pond7Fish1_PondOutcome,10
Pond7Fish1_TotalOutcome,240
Pond7Fish1_TimeLeft,963.815
Type,RT
FishN,16
Fish,2
Pond7Fish2_FishType,purple
Pond7Fish2_FishLatency,5
Pond7Fish2_CatchTime,-1
Pond7Fish2_PondTime,17.181
Pond7Fish2_PondOutcome,10
Pond7Fish2_TotalOutcome,240
Pond7Fish2_TimeLeft,955.937
Type,RT
FishN,16
Fish,3
Pond7Fish3_FishType,purple
Pond7Fish3_FishLatency,5.454545454545454
Pond7Fish3_CatchTime,0.686
Pond7Fish3_PondTime,25.565
Pond7Fish3_PondOutcome,20
Pond7Fish3_TotalOutcome,250
Pond7Fish3_TimeLeft,947.553
Type,RT
FishN,16
Fish,4
Pond7Fish4_FishType,purple
Pond7Fish4_FishLatency,6
Pond7Fish4_CatchTime,0.836
Pond7Fish4_PondTime,34.633
Pond7Fish4_PondOutcome,30
Pond7Fish4_TotalOutcome,260
Pond7Fish4_TimeLeft,938.485
Type,RT
FishN,16
Fish,5
Pond7Fish5_FishType,purple
Pond7Fish5_FishLatency,6.666666666666667
Pond7Fish5_CatchTime,0.688
Pond7Fish5_PondTime,44.534
Pond7Fish5_PondOutcome,40
Pond7Fish5_TotalOutcome,270
Pond7Fish5_TimeLeft,928.584
Type,RT
FishN,16
Fish,6
Pond7Fish6_FishType,golden
Pond7Fish6_FishLatency,7.5
Pond7Fish6_CatchTime,0.807
Pond7Fish6_PondTime,55.471
Pond7Fish6_PondOutcome,60
Pond7Fish6_TotalOutcome,290
Pond7Fish6_TimeLeft,917.646
PondEnd_LastFish,6
FishN,13
Type,RT
GiveUpTime,2.682
PondTime,57.171
TimeLeft,915.444
PondOutcome,60
TotalOutcome,290
PondStart,PondStart
PondIntroTime,10.786297728773206
Type,RT
FishN,18
Fish,1
Pond5Fish1_FishType,purple
Pond5Fish1_FishLatency,4.285714285714286
Pond5Fish1_CatchTime,1.068
Pond5Fish1_PondTime,8.925
Pond5Fish1_PondOutcome,10
Pond5Fish1_TotalOutcome,300
Pond5Fish1_TimeLeft,895.074
Type,RT
FishN,18
Fish,2
Pond5Fish2_FishType,golden
Pond5Fish2_FishLatency,4.615384615384615
Pond5Fish2_CatchTime,0.528
Pond5Fish2_PondTime,16.301
Pond5Fish2_PondOutcome,30
Pond5Fish2_TotalOutcome,320
Pond5Fish2_TimeLeft,887.698
Type,RT
FishN,18
Fish,3
Pond5Fish3_FishType,purple
Pond5Fish3_FishLatency,5
Pond5Fish3_CatchTime,1.275
Pond5Fish3_PondTime,24.116
Pond5Fish3_PondOutcome,40
Pond5Fish3_TotalOutcome,330
Pond5Fish3_TimeLeft,879.883
Type,RT
FishN,18
Fish,4
Pond5Fish4_FishType,purple
Pond5Fish4_FishLatency,5.454545454545454
Pond5Fish4_CatchTime,0.851
Pond5Fish4_PondTime,32.496
Pond5Fish4_PondOutcome,50
Pond5Fish4_TotalOutcome,340
Pond5Fish4_TimeLeft,871.503
Type,RT
FishN,18
Fish,5
Pond5Fish5_FishType,purple
Pond5Fish5_FishLatency,6
Pond5Fish5_CatchTime,0.703
Pond5Fish5_PondTime,41.535
Pond5Fish5_PondOutcome,60
Pond5Fish5_TotalOutcome,350
Pond5Fish5_TimeLeft,862.464
Type,RT
FishN,18
Fish,6
Pond5Fish6_FishType,purple
Pond5Fish6_FishLatency,6.666666666666667
Pond5Fish6_CatchTime,0.648
Pond5Fish6_PondTime,51.427
Pond5Fish6_PondOutcome,70
Pond5Fish6_TotalOutcome,360
Pond5Fish6_TimeLeft,852.572
Type,RT
FishN,18
Fish,7
Pond5Fish7_FishType,purple
Pond5Fish7_FishLatency,7.5
Pond5Fish7_CatchTime,0.888
Pond5Fish7_PondTime,62.374
Pond5Fish7_PondOutcome,80
Pond5Fish7_TotalOutcome,370
Pond5Fish7_TimeLeft,841.625
PondEnd_LastFish,7
FishN,14
Type,RT
GiveUpTime,0.997
PondTime,62.469
TimeLeft,841.022
PondOutcome,80
TotalOutcome,370
PondStart,PondStart
PondIntroTime,15.493333344347775
Type,RT
FishN,15
Fish,1
Pond11Fish1_FishType,golden
Pond11Fish1_FishLatency,4.615384615384615
Pond11Fish1_CatchTime,0.764
Pond11Fish1_PondTime,9.297
Pond11Fish1_PondOutcome,20
Pond11Fish1_TotalOutcome,390
Pond11Fish1_TimeLeft,815.592
PondEnd_LastFish,1
FishN,13
Type,RT
GiveUpTime,2.652
PondTime,10.915
TimeLeft,813.46
PondOutcome,20
TotalOutcome,390
PondStart,PondStart
PondIntroTime,12.757633826695383
Type,RT
FishN,17
Fish,1
Pond6Fish1_FishType,purple
Pond6Fish1_FishLatency,3.3333333333333335
Pond6Fish1_CatchTime,0.881
Pond6Fish1_PondTime,7.843
Pond6Fish1_PondOutcome,10
Pond6Fish1_TotalOutcome,400
Pond6Fish1_TimeLeft,792.237
Type,RT
FishN,17
Fish,2
Pond6Fish2_FishType,purple
Pond6Fish2_FishLatency,3.5294117647058822
Pond6Fish2_CatchTime,0.866
Pond6Fish2_PondTime,13.956
Pond6Fish2_PondOutcome,20
Pond6Fish2_TotalOutcome,410
Pond6Fish2_TimeLeft,786.124
Type,RT
FishN,17
Fish,3
Pond6Fish3_FishType,purple
Pond6Fish3_FishLatency,3.75
Pond6Fish3_CatchTime,0.598
Pond6Fish3_PondTime,20.346
Pond6Fish3_PondOutcome,30
Pond6Fish3_TotalOutcome,420
Pond6Fish3_TimeLeft,779.734
Type,RT
FishN,17
Fish,4
Pond6Fish4_FishType,purple
Pond6Fish4_FishLatency,4
Pond6Fish4_CatchTime,0.784
Pond6Fish4_PondTime,27.01
Pond6Fish4_PondOutcome,40
Pond6Fish4_TotalOutcome,430
Pond6Fish4_TimeLeft,773.07
Type,RT
FishN,17
Fish,5
Pond6Fish5_FishType,purple
Pond6Fish5_FishLatency,4.285714285714286
Pond6Fish5_CatchTime,0.616
Pond6Fish5_PondTime,34.031
Pond6Fish5_PondOutcome,50
Pond6Fish5_TotalOutcome,440
Pond6Fish5_TimeLeft,766.049
Type,RT
FishN,17
Fish,6
Pond6Fish6_FishType,purple
Pond6Fish6_FishLatency,4.615384615384615
Pond6Fish6_CatchTime,0.751
Pond6Fish6_PondTime,41.403
Pond6Fish6_PondOutcome,60
Pond6Fish6_TotalOutcome,450
Pond6Fish6_TimeLeft,758.676
Type,RT
FishN,17
Fish,7
Pond6Fish7_FishType,purple
Pond6Fish7_FishLatency,5
Pond6Fish7_CatchTime,0.821
Pond6Fish7_PondTime,49.233
Pond6Fish7_PondOutcome,70
Pond6Fish7_TotalOutcome,460
Pond6Fish7_TimeLeft,750.847
Type,RT
FishN,17
Fish,8
Pond6Fish8_FishType,purple
Pond6Fish8_FishLatency,5.454545454545454
Pond6Fish8_CatchTime,0.991
Pond6Fish8_PondTime,57.599
Pond6Fish8_PondOutcome,80
Pond6Fish8_TotalOutcome,470
Pond6Fish8_TimeLeft,742.481
Type,RT
FishN,17
Fish,9
Pond6Fish9_FishType,purple
Pond6Fish9_FishLatency,6
Pond6Fish9_CatchTime,0.9
Pond6Fish9_PondTime,66.641
Pond6Fish9_PondOutcome,90
Pond6Fish9_TotalOutcome,480
Pond6Fish9_TimeLeft,733.439
Type,RT
FishN,17
Fish,10
Pond6Fish10_FishType,purple
Pond6Fish10_FishLatency,6.666666666666667
Pond6Fish10_CatchTime,0.861
Pond6Fish10_PondTime,76.545
Pond6Fish10_PondOutcome,100
Pond6Fish10_TotalOutcome,490
Pond6Fish10_TimeLeft,723.534
PondEnd_LastFish,10
FishN,18
Type,RT
GiveUpTime,1.213
PondTime,76.822
TimeLeft,722.747
PondOutcome,100
TotalOutcome,490
PondStart,PondStart
PondIntroTime,17.630667777266353
Type,RT
FishN,12
Fish,1
Pond9Fish1_FishType,purple
Pond9Fish1_FishLatency,3.3333333333333335
Pond9Fish1_CatchTime,0.879
Pond9Fish1_PondTime,7.814
Pond9Fish1_PondOutcome,10
Pond9Fish1_TotalOutcome,500
Pond9Fish1_TimeLeft,696.689
Type,RT
FishN,12
Fish,2
Pond9Fish2_FishType,purple
Pond9Fish2_FishLatency,3.5294117647058822
Pond9Fish2_CatchTime,0.736
Pond9Fish2_PondTime,13.953
Pond9Fish2_PondOutcome,20
Pond9Fish2_TotalOutcome,510
Pond9Fish2_TimeLeft,690.55
Type,RT
FishN,12
Fish,3
Pond9Fish3_FishType,purple
Pond9Fish3_FishLatency,3.75
Pond9Fish3_CatchTime,0.809
Pond9Fish3_PondTime,20.329
Pond9Fish3_PondOutcome,30
Pond9Fish3_TotalOutcome,520
Pond9Fish3_TimeLeft,684.174
Type,RT
FishN,12
Fish,4
Pond9Fish4_FishType,purple
Pond9Fish4_FishLatency,4
Pond9Fish4_CatchTime,0.816
Pond9Fish4_PondTime,27.009
Pond9Fish4_PondOutcome,40
Pond9Fish4_TotalOutcome,530
Pond9Fish4_TimeLeft,677.494
Type,RT
FishN,12
Fish,5
Pond9Fish5_FishType,golden
Pond9Fish5_FishLatency,4.285714285714286
Pond9Fish5_CatchTime,0.944
Pond9Fish5_PondTime,33.992
Pond9Fish5_PondOutcome,60
Pond9Fish5_TotalOutcome,550
Pond9Fish5_TimeLeft,670.511
Type,RT
FishN,12
Fish,6
Pond9Fish6_FishType,purple
Pond9Fish6_FishLatency,4.615384615384615
Pond9Fish6_CatchTime,0.642
Pond9Fish6_PondTime,41.369
Pond9Fish6_PondOutcome,70
Pond9Fish6_TotalOutcome,560
Pond9Fish6_TimeLeft,663.134
PondEnd_LastFish,6
FishN,18
Type,RT
GiveUpTime,1.887
PondTime,42.1
TimeLeft,661.899
PondOutcome,70
TotalOutcome,560
PondStart,PondStart
PondIntroTime,13.190726856701076
Type,RT
FishN,13
Fish,1
Pond1Fish1_FishType,purple
Pond1Fish1_FishLatency,4.285714285714286
Pond1Fish1_CatchTime,0.718
Pond1Fish1_PondTime,8.914
Pond1Fish1_PondOutcome,10
Pond1Fish1_TotalOutcome,570
Pond1Fish1_TimeLeft,639.171
Type,RT
FishN,13
Fish,2
Pond1Fish2_FishType,purple
Pond1Fish2_FishLatency,4.615384615384615
Pond1Fish2_CatchTime,0.945
Pond1Fish2_PondTime,16.284
Pond1Fish2_PondOutcome,20
Pond1Fish2_TotalOutcome,580
Pond1Fish2_TimeLeft,631.801
Type,RT
FishN,13
Fish,3
Pond1Fish3_FishType,purple
Pond1Fish3_FishLatency,5
Pond1Fish3_CatchTime,1.034
Pond1Fish3_PondTime,24.106
Pond1Fish3_PondOutcome,30
Pond1Fish3_TotalOutcome,590
Pond1Fish3_TimeLeft,623.979
Type,RT
FishN,13
Fish,4
Pond1Fish4_FishType,purple
Pond1Fish4_FishLatency,5.454545454545454
Pond1Fish4_CatchTime,0.877
Pond1Fish4_PondTime,32.483
Pond1Fish4_PondOutcome,40
Pond1Fish4_TotalOutcome,600
Pond1Fish4_TimeLeft,615.601
Type,RT
FishN,13
Fish,5
Pond1Fish5_FishType,purple
Pond1Fish5_FishLatency,6
Pond1Fish5_CatchTime,0.799
Pond1Fish5_PondTime,41.524
Pond1Fish5_PondOutcome,50
Pond1Fish5_TotalOutcome,610
Pond1Fish5_TimeLeft,606.561
Type,RT
FishN,13
Fish,6
Pond1Fish6_FishType,purple
Pond1Fish6_FishLatency,6.666666666666667
Pond1Fish6_CatchTime,0.831
Pond1Fish6_PondTime,51.41
Pond1Fish6_PondOutcome,60
Pond1Fish6_TotalOutcome,620
Pond1Fish6_TimeLeft,596.675
Type,RT
FishN,13
Fish,7
Pond1Fish7_FishType,purple
Pond1Fish7_FishLatency,7.5
Pond1Fish7_CatchTime,0.709
Pond1Fish7_PondTime,62.384
Pond1Fish7_PondOutcome,70
Pond1Fish7_TotalOutcome,630
Pond1Fish7_TimeLeft,585.701
Type,RT
FishN,13
Fish,8
Pond1Fish8_FishType,purple
Pond1Fish8_FishLatency,8.571428571428571
Pond1Fish8_CatchTime,0.77
Pond1Fish8_PondTime,74.77
Pond1Fish8_PondOutcome,80
Pond1Fish8_TotalOutcome,640
Pond1Fish8_TimeLeft,573.315
Type,RT
FishN,13
Fish,9
Pond1Fish9_FishType,purple
Pond1Fish9_FishLatency,10
Pond1Fish9_CatchTime,0.831
Pond1Fish9_PondTime,89.165
Pond1Fish9_PondOutcome,90
Pond1Fish9_TotalOutcome,650
Pond1Fish9_TimeLeft,558.92
PondEnd_LastFish,9
FishN,14
Type,RT
GiveUpTime,0.758
PondTime,106.452
TimeLeft,541.128
PondOutcome,90
TotalOutcome,650
PondStart,PondStart
PondIntroTime,16.199058347847313
Type,RT
FishN,13
Fish,1
Pond8Fish1_FishType,purple
Pond8Fish1_FishLatency,5
Pond8Fish1_CatchTime,0.905
Pond8Fish1_PondTime,9.772
Pond8Fish1_PondOutcome,10
Pond8Fish1_TotalOutcome,660
Pond8Fish1_TimeLeft,514.545
Type,RT
FishN,13
Fish,2
Pond8Fish2_FishType,purple
Pond8Fish2_FishLatency,5.454545454545454
Pond8Fish2_CatchTime,1.545
Pond8Fish2_PondTime,18.189
Pond8Fish2_PondOutcome,20
Pond8Fish2_TotalOutcome,670
Pond8Fish2_TimeLeft,506.129
Type,RT
FishN,13
Fish,3
Pond8Fish3_FishType,purple
Pond8Fish3_FishLatency,6
Pond8Fish3_CatchTime,0.743
Pond8Fish3_PondTime,27.289
Pond8Fish3_PondOutcome,30
Pond8Fish3_TotalOutcome,680
Pond8Fish3_TimeLeft,497.029
Type,RT
FishN,13
Fish,4
Pond8Fish4_FishType,purple
Pond8Fish4_FishLatency,6.666666666666667
Pond8Fish4_CatchTime,-1
Pond8Fish4_PondTime,37.228
Pond8Fish4_PondOutcome,30
Pond8Fish4_TotalOutcome,680
Pond8Fish4_TimeLeft,487.089
Type,RT
FishN,13
Fish,5
Pond8Fish5_FishType,purple
Pond8Fish5_FishLatency,7.5
Pond8Fish5_CatchTime,1.044
Pond8Fish5_PondTime,48.209
Pond8Fish5_PondOutcome,40
Pond8Fish5_TotalOutcome,690
Pond8Fish5_TimeLeft,476.109
Type,RT
FishN,13
Fish,6
Pond8Fish6_FishType,purple
Pond8Fish6_FishLatency,8.571428571428571
Pond8Fish6_CatchTime,1.063
Pond8Fish6_PondTime,60.593
Pond8Fish6_PondOutcome,50
Pond8Fish6_TotalOutcome,700
Pond8Fish6_TimeLeft,463.725
PondEnd_LastFish,6
FishN,12
Type,RT
GiveUpTime,1.456
PondTime,61.317
TimeLeft,462.496
PondOutcome,50
TotalOutcome,700
PondStart,PondStart
PondIntroTime,11.418521385639906
Type,RT
FishN,15
Fish,1
Pond11Fish1_FishType,purple
Pond11Fish1_FishLatency,3.75
Pond11Fish1_CatchTime,1.05
Pond11Fish1_PondTime,8.281
Pond11Fish1_PondOutcome,10
Pond11Fish1_TotalOutcome,710
Pond11Fish1_TimeLeft,442.152
Type,RT
FishN,15
Fish,2
Pond11Fish2_FishType,purple
Pond11Fish2_FishLatency,4
Pond11Fish2_CatchTime,1.303
Pond11Fish2_PondTime,14.923
Pond11Fish2_PondOutcome,20
Pond11Fish2_TotalOutcome,720
Pond11Fish2_TimeLeft,435.51
Type,RT
FishN,15
Fish,3
Pond11Fish3_FishType,purple
Pond11Fish3_FishLatency,4.285714285714286
Pond11Fish3_CatchTime,0.719
Pond11Fish3_PondTime,21.92
Pond11Fish3_PondOutcome,30
Pond11Fish3_TotalOutcome,730
Pond11Fish3_TimeLeft,428.513
Type,RT
FishN,15
Fish,4
Pond11Fish4_FishType,purple
Pond11Fish4_FishLatency,4.615384615384615
Pond11Fish4_CatchTime,0.959
Pond11Fish4_PondTime,29.302
Pond11Fish4_PondOutcome,40
Pond11Fish4_TotalOutcome,740
Pond11Fish4_TimeLeft,421.131
Type,RT
FishN,15
Fish,5
Pond11Fish5_FishType,purple
Pond11Fish5_FishLatency,5
Pond11Fish5_CatchTime,0.941
Pond11Fish5_PondTime,37.14
Pond11Fish5_PondOutcome,50
Pond11Fish5_TotalOutcome,750
Pond11Fish5_TimeLeft,413.292
PondEnd_LastFish,5
FishN,16
Type,RT
GiveUpTime,1.94
PondTime,38.227
TimeLeft,411.703
PondOutcome,50
TotalOutcome,750
PondStart,PondStart
PondIntroTime,18.32810277817771
Type,RT
FishN,13
Fish,1
Pond1Fish1_FishType,purple
Pond1Fish1_FishLatency,4
Pond1Fish1_CatchTime,1.134
Pond1Fish1_PondTime,8.595
Pond1Fish1_PondOutcome,10
Pond1Fish1_TotalOutcome,760
Pond1Fish1_TimeLeft,384.15
Type,RT
FishN,13
Fish,2
Pond1Fish2_FishType,purple
Pond1Fish2_FishLatency,4.285714285714286
Pond1Fish2_CatchTime,0.873
Pond1Fish2_PondTime,15.588
Pond1Fish2_PondOutcome,20
Pond1Fish2_TotalOutcome,770
Pond1Fish2_TimeLeft,377.157
Type,RT
FishN,13
Fish,3
Pond1Fish3_FishType,purple
Pond1Fish3_FishLatency,4.615384615384615
Pond1Fish3_CatchTime,1.942
Pond1Fish3_PondTime,23.24
Pond1Fish3_PondOutcome,30
Pond1Fish3_TotalOutcome,780
Pond1Fish3_TimeLeft,369.505
Type,RT
FishN,13
Fish,4
Pond1Fish4_FishType,golden
Pond1Fish4_FishLatency,5
Pond1Fish4_CatchTime,0.726
Pond1Fish4_PondTime,31.1
Pond1Fish4_PondOutcome,50
Pond1Fish4_TotalOutcome,800
Pond1Fish4_TimeLeft,361.645
Type,RT
FishN,13
Fish,5
Pond1Fish5_FishType,purple
Pond1Fish5_FishLatency,5.454545454545454
Pond1Fish5_CatchTime,1.141
Pond1Fish5_PondTime,39.478
Pond1Fish5_PondOutcome,60
Pond1Fish5_TotalOutcome,810
Pond1Fish5_TimeLeft,353.265
Type,RT
FishN,13
Fish,6
Pond1Fish6_FishType,golden
Pond1Fish6_FishLatency,6
Pond1Fish6_CatchTime,1.141
Pond1Fish6_PondTime,48.557
Pond1Fish6_PondOutcome,80
Pond1Fish6_TotalOutcome,830
Pond1Fish6_TimeLeft,344.188
Type,RT
FishN,13
Fish,7
Pond1Fish7_FishType,purple
Pond1Fish7_FishLatency,6.666666666666667
Pond1Fish7_CatchTime,0.741
Pond1Fish7_PondTime,58.457
Pond1Fish7_PondOutcome,90
Pond1Fish7_TotalOutcome,840
Pond1Fish7_TimeLeft,334.288
PondEnd_LastFish,7
FishN,15
Type,RT
GiveUpTime,1.403
PondTime,58.801
TimeLeft,333.442
PondOutcome,90
TotalOutcome,840
PondStart,PondStart
PondIntroTime,10.860308720730245
Type,RT
FishN,12
Fish,1
Pond2Fish1_FishType,purple
Pond2Fish1_FishLatency,3.75
Pond2Fish1_CatchTime,1.035
Pond2Fish1_PondTime,8.271
Pond2Fish1_PondOutcome,10
Pond2Fish1_TotalOutcome,850
Pond2Fish1_TimeLeft,313.687
Type,RT
FishN,12
Fish,2
Pond2Fish2_FishType,purple
Pond2Fish2_FishLatency,4
Pond2Fish2_CatchTime,0.717
Pond2Fish2_PondTime,14.952
Pond2Fish2_PondOutcome,20
Pond2Fish2_TotalOutcome,860
Pond2Fish2_TimeLeft,307.006
Type,RT
FishN,12
Fish,3
Pond2Fish3_FishType,purple
Pond2Fish3_FishLatency,4.285714285714286
Pond2Fish3_CatchTime,0.748
Pond2Fish3_PondTime,21.95
Pond2Fish3_PondOutcome,30
Pond2Fish3_TotalOutcome,870
Pond2Fish3_TimeLeft,300.008
Type,RT
FishN,12
Fish,4
Pond2Fish4_FishType,purple
Pond2Fish4_FishLatency,4.615384615384615
Pond2Fish4_CatchTime,0.909
Pond2Fish4_PondTime,29.323
Pond2Fish4_PondOutcome,40
Pond2Fish4_TotalOutcome,880
Pond2Fish4_TimeLeft,292.635
Type,RT
FishN,12
Fish,5
Pond2Fish5_FishType,purple
Pond2Fish5_FishLatency,5
Pond2Fish5_CatchTime,0.846
Pond2Fish5_PondTime,37.158
Pond2Fish5_PondOutcome,50
Pond2Fish5_TotalOutcome,890
Pond2Fish5_TimeLeft,284.8
PondEnd_LastFish,5
FishN,16
Type,RT
GiveUpTime,2.344
PondTime,38.554
TimeLeft,282.893
PondOutcome,50
TotalOutcome,890
PondStart,PondStart
PondIntroTime,18.11298503074795
Type,RT
FishN,16
Fish,1
Pond7Fish1_FishType,purple
Pond7Fish1_FishLatency,5
Pond7Fish1_CatchTime,0.836
Pond7Fish1_PondTime,9.741
Pond7Fish1_PondOutcome,10
Pond7Fish1_TotalOutcome,900
Pond7Fish1_TimeLeft,254.425
Type,RT
FishN,16
Fish,2
Pond7Fish2_FishType,purple
Pond7Fish2_FishLatency,5.454545454545454
Pond7Fish2_CatchTime,1.133
Pond7Fish2_PondTime,18.138
Pond7Fish2_PondOutcome,20
Pond7Fish2_TotalOutcome,910
Pond7Fish2_TimeLeft,246.028
Type,RT
FishN,16
Fish,3
Pond7Fish3_FishType,purple
Pond7Fish3_FishLatency,6
Pond7Fish3_CatchTime,0.578
Pond7Fish3_PondTime,27.2
Pond7Fish3_PondOutcome,30
Pond7Fish3_TotalOutcome,920
Pond7Fish3_TimeLeft,236.966
Type,RT
FishN,16
Fish,4
Pond7Fish4_FishType,purple
Pond7Fish4_FishLatency,6.666666666666667
Pond7Fish4_CatchTime,0.667
Pond7Fish4_PondTime,37.085
Pond7Fish4_PondOutcome,40
Pond7Fish4_TotalOutcome,930
Pond7Fish4_TimeLeft,227.081
Type,RT
FishN,16
Fish,5
Pond7Fish5_FishType,purple
Pond7Fish5_FishLatency,7.5
Pond7Fish5_CatchTime,0.979
Pond7Fish5_PondTime,48.065
Pond7Fish5_PondOutcome,50
Pond7Fish5_TotalOutcome,940
Pond7Fish5_TimeLeft,216.101
PondEnd_LastFish,5
FishN,12
Type,RT
GiveUpTime,1.511
PondTime,48.732
TimeLeft,214.93
PondOutcome,50
TotalOutcome,940
PondStart,PondStart
PondIntroTime,18.546515631023794
PondEnd_LastFish,5
FishN,12
Type,RT
GiveUpTime,1.823
PondTime,49.044
TimeLeft,214.618
PondOutcome,0
TotalOutcome,940
PondStart,PondStart
PondIntroTime,10.626795827411115
Type,RT
FishN,16
Fish,1
Pond10Fish1_FishType,golden
Pond10Fish1_FishLatency,3.75
Pond10Fish1_CatchTime,0.551
Pond10Fish1_PondTime,1.286
Pond10Fish1_PondOutcome,20
Pond10Fish1_TotalOutcome,960
Pond10Fish1_TimeLeft,195.273
Type,RT
FishN,16
Fish,3
Pond10Fish3_FishType,golden
Pond10Fish3_FishLatency,4.285714285714286
Pond10Fish3_CatchTime,0.959
Pond10Fish3_PondTime,7.966
Pond10Fish3_PondOutcome,40
Pond10Fish3_TotalOutcome,980
Pond10Fish3_TimeLeft,188.593
Type,RT
FishN,16
Fish,4
Pond10Fish4_FishType,purple
Pond10Fish4_FishLatency,4.615384615384615
Pond10Fish4_CatchTime,-1
Pond10Fish4_PondTime,8.917
Pond10Fish4_PondOutcome,40
Pond10Fish4_TotalOutcome,980
Pond10Fish4_TimeLeft,187.642
